Xrim1,YRim1,XRim2,YRim2,XPaint1,YPaint1,XPaint2,YPaint2,XFC1,YFC1,XFC2,YFC2,X3P1,Y3P1,X3P2,Y3P2,XBackB1,YBackB1,XBackB2,YBackB2,HalfCX,HalfCY,HalfX2,HalfY2,BoundX,BoundY,XNBA3P,YNBA3P,Xbar1,Ybar1,Xbar2,Ybar2,Xbar3,Ybar3,Xbar4,Ybar4,Xbar5,Ybar5,Xbar6,Ybar6,Xbar7,Ybar7,Xbar8,Ybar8,Xbar9,Ybar9,Xbar10,Ybar10,Xbar11,Ybar11,Xbar12,Ybar12,Xbar13,Ybar13,Xbar14,Ybar14,Xbar15,Ybar15
4.792553191,44,92.73404255,44,-1,56,98,56,19.0106383,56,77.9893617,56,-1,87.5,98,87.5,2.949468085,38.36,94.05053191,38.36,48.5,56,48.5,-10,-1,98,-1,91.5,-1.29,41.37696402,-0.42,42.06329834,0.45,42.91958212,1.32,43.12875067,2.18,41.68418034,3.05,43.80201196,3.92,42.66465794,4.79,43.39021136,5.66,42.63851187,6.53,41.67764382,7.39,41.37696402,-1.281237023,39.74179,1.863576471,39.74179,3.67501114,36.82478685,8.13123702,39.74179
4.792432887,44.02617861,92.73416286,44.02617861,19.0106383,56,77.9893617,56,19.12092265,55.99817234,77.87907735,55.99817234,3.34,87.5,93.66,87.5,2.949468085,49.64,94.05053191,49.64,48.38971564,55.99817234,48.5,-9.9,48.5,98,12.78700198,91.5,-0.54,41.37696402,0.33,42.06329834,1.2,42.91958212,2.07,43.12875067,2.94,41.68418034,3.8,43.80201196,4.67,42.66465794,5.54,43.39021136,6.41,42.63851187,7.28,41.67764382,8.14,41.37696402,-1.276212305,39.68809028,1.864315718,39.72573619,3.75716455,36.82807127,8.12621231,39.68809028
4.79207201,44.05234925,92.73512507,44.07850393,19.0106383,32,77.9893617,32,19.23117342,55.99268992,77.76882658,55.99268992,3.739780789,87.49337474,93.26021921,87.49337474,2.686170213,49.64,94.31382979,49.64,48.27946488,55.99268992,48.5,-9.8,48.5,-10,13.1134741,91.22189898,-0.54,40.22000045,0.33,40.22000045,1.2,40.22000045,2.07,40.22000045,2.94,40.22000045,3.8,40.22000045,4.67,40.22000045,5.54,40.22000045,6.41,40.22000045,7.28,40.22000045,8.14,40.22000045,-1.269754577,39.63445605,1.8652,39.65950253,3.83921777,36.83229237,8.11975458,39.63445605
4.79147067,44.07850393,92.73704834,44.13073361,19.0006383,32,77.9993617,32,19.341357,55.98355442,77.658643,55.98355442,4.139439801,87.47350098,92.8605602,87.47350098,2.686170213,49.63,94.31382979,49.63,48.1692813,55.98355442,48.5,-9.7,-1,-10,13.51382481,90.86488198,-1.29,40.22000045,-0.42,40.22000045,0.45,40.22000045,1.32,40.22000045,2.18,40.22000045,3.05,40.22000045,3.92,40.22000045,4.79,40.22000045,5.66,40.22000045,6.53,40.22000045,7.39,40.22000045,-1.261865806,39.58090366,1.864315718,39.59326886,3.92114578,36.83744888,8.11186581,39.58090366
4.79062905,44.10463471,92.7399303,44.18280402,18.9906383,32,78.0093617,32,19.45143984,55.9707686,77.54856016,55.9707686,4.538855296,87.44038476,92.4611447,87.44038476,2.686170213,49.62,94.31382979,49.62,48.05919845,55.9707686,48.5,-9.6,-1,-9.8,13.91107647,90.49358947,-1.29,41.37696402,-0.42,42.06329834,0.45,42.91958212,1.32,43.12875067,2.18,41.68418034,3.05,43.80201196,3.92,42.66465794,4.79,43.39021136,5.66,42.63851187,6.53,41.67764382,7.39,41.37696402,-1.252548397,39.52744943,1.861663142,39.52705538,4.00292364,36.84353922,8.1025484,39.52744943
4.789547408,44.13073361,92.74376745,44.2346517,18.9806383,32,78.0193617,32,19.56138842,55.95433638,77.43861158,55.95433638,4.937905607,87.39403619,92.06209439,87.39403619,2.686170213,49.61,94.31382979,49.61,47.94924988,55.95433638,48.5,-9.5,-1,-9.6,14.30510807,90.10813458,,,,,,,,,,,,,,,,,,,,,,,-1.241805185,39.47410962,1.857243079,39.46088224,4.08452643,36.85056154,8.09180519,39.47410962
4.788226072,44.15679269,92.74855512,44.28621349,18.9706383,32,78.0293617,32,19.67116923,55.93426274,77.32883077,55.93426274,5.336469182,87.33446937,91.66353082,87.33446937,2.686170213,49.6,94.31382979,49.6,47.83946907,55.93426274,48.5,-9.4,-1,-9.4,14.6957996,89.70863469,,,,,,,,,,,,,,,,,,,,,,,-1.229639445,39.42090049,1.851056876,39.39476959,4.16592929,36.8585137,8.07963945,39.42090049
4.786665444,44.18280402,92.75428748,44.33742658,18.9606383,32,78.0393617,32,19.78074883,55.91055382,77.21925117,55.91055382,5.734424612,87.26170245,91.26557539,87.26170245,2.686170213,49.59,94.31382979,49.59,47.72988947,55.91055382,48.5,-9.3,-1,-9.2,15.08303204,89.29521151,,,,,,,,,,,,,,,,,,,,,,,-1.216054882,39.36783826,1.843106417,39.32873759,4.24710744,36.86739327,8.06605488,39.36783826
4.784866001,44.20875965,92.76095753,44.38822857,18.9506383,32,78.0493617,32,19.89009385,55.88321682,77.10990615,55.88321682,6.131650678,87.1757576,90.86834932,87.1757576,2.686170213,49.58,94.31382979,49.58,47.62054445,55.88321682,48.5,-9.2,-1,-9,15.46668744,88.86799098,,,,,,,,,,,,,,,,,,,,,,,-1.201055634,39.31493907,1.833394125,39.26280635,4.32803614,36.87719755,8.05105563,39.31493907
4.78282829,44.2346517,92.76855715,44.43855756,18.9406383,32,78.0593617,32,19.99917098,55.85226009,77.00082902,55.85226009,6.528026379,87.07666099,90.47197362,87.07666099,2.686170213,49.57,94.31382979,49.57,47.51146732,55.85226009,48.5,-9.1,-1,-8.8,15.84664894,88.42710321,,,,,,,,,,,,,,,,,,,,,,,-1.18464627,39.26221905,1.821922956,39.19699594,4.40869074,36.88792356,8.03464627,39.26221905
4.780552933,44.26047227,92.77707708,44.48835223,18.9306383,32,78.0693617,32,20.107947,55.81769304,76.892053,55.81769304,6.923430977,86.96444282,90.07656902,86.96444282,2.686170213,49.56,94.31382979,49.56,47.4026913,55.81769304,48.5,-9,-1,-8.6,16.22280078,87.97268253,,,,,,,,,,,,,,,,,,,,,,,-1.166831789,39.20969426,1.808696407,39.13132642,4.48904668,36.89956803,8.01683179,39.20969426
4.778040621,44.28621349,92.78650695,44.53755192,18.9206383,32,78.0793617,32,20.21638876,55.7795262,76.78361124,55.7795262,7.317744027,86.83913726,89.68225597,86.83913726,2.686170213,49.55,94.31382979,49.55,47.29424954,55.7795262,48.5,-8.9,-1,-8.4,16.5950284,87.50486733,,,,,,,,,,,,,,,,,,,,,,,-1.147617616,39.15738068,1.793718505,39.06581778,4.56907947,36.91212741,7.99761762,39.15738068
4.775292121,44.31186754,92.79683526,44.58609669,18.9106383,32,78.0893617,32,20.32446324,55.73777121,76.67553676,55.73777121,7.710845418,86.70078248,89.28915458,86.70078248,2.686170213,49.54,94.31382979,49.54,47.18617506,55.73777121,48.5,-8.8,-1,-8.2,16.96321842,87.02380014,,,,,,,,,,,,,,,,,,,,,,,-1.127009604,39.10529427,1.776993814,39.00048998,4.64876473,36.92559787,7.9770096,39.10529427
4.772308269,44.33742658,92.80804943,44.63392739,18.9006383,32,78.0993617,32,20.43213751,55.69244078,76.56786249,55.69244078,8.102615407,86.54942063,88.89738459,86.54942063,2.686170213,49.53,94.31382979,49.53,47.07850078,55.69244078,48.5,-8.7,-1,-8,17.32725866,86.52962747,,,,,,,,,,,,,,,,,,,,,,,-1.105014032,39.05345088,1.758527427,38.93536293,4.72807821,36.93997531,7.95501403,39.05345088
4.769089975,44.36288284,92.8201358,44.68098575,18.8906383,32,78.1093617,32,20.53937879,55.64354872,76.46062121,55.64354872,8.492934657,86.38509782,88.50706534,86.38509782,2.686170213,49.52,94.31382979,49.52,46.97125951,55.64354872,48.5,-8.6,-1,-7.8,17.68703826,86.02249987,,,,,,,,,,,,,,,,,,,,,,,-1.081637599,39.00186631,1.73832497,38.87045646,4.80699572,36.95525536,7.9316376,39.00186631
4.765638219,44.38822857,92.83307965,44.72721443,18.8806383,32,78.1193617,32,20.64615439,55.59110992,76.35384561,55.59110992,8.881684273,86.20786409,88.11831573,86.20786409,2.686170213,49.51,94.31382979,49.51,46.86448391,55.59110992,48.5,-8.5,-1,-7.6,18.0424476,85.50257181,,,,,,,,,,,,,,,,,,,,,,,-1.056887425,38.95055627,1.716392596,38.80579034,4.88549324,36.97143335,7.90688743,38.95055627
4.761954052,44.41345603,92.84686519,44.77255711,18.8706383,32,78.1293617,32,20.7524318,55.53514035,76.2475682,55.53514035,9.268745839,86.01777344,87.73125416,86.01777344,2.686170213,49.5,94.31382979,49.5,46.7582065,55.53514035,48.5,-8.4,-1,-7.4,18.39337844,84.97000167,,,,,,,,,,,,,,,,,,,,,,,-1.030771051,38.89953639,1.692736987,38.74138426,4.96354686,36.98850437,7.88077105,38.89953639
4.758038597,44.43855756,92.86147564,44.81695855,18.8606383,32,78.1393617,32,20.85817864,55.47565707,76.14182136,55.47565707,9.654001451,85.81488377,87.34599855,85.81488377,2.686170213,49.49,94.31382979,49.49,46.65245965,55.47565707,48.5,-8.3,-1,-7.2,18.73972387,84.42495166,,,,,,,,,,,,,,,,,,,,,,,-1.00329643,38.84882221,1.667365347,38.67725786,5.04113279,37.0064632,7.85329643,38.84882221
4.753893046,44.46352549,92.8768932,44.86036465,18.8506383,32,78.1493617,32,20.96336271,55.4126782,76.03663729,55.4126782,10.03733376,85.59925688,86.96266624,85.59925688,2.686170213,49.48,94.31382979,49.48,46.54727559,55.4126782,48.5,-8.2,-1,-7,19.0813784,83.86758782,,,,,,,,,,,,,,,,,,,,,,,-0.974471933,38.79842918,1.640285407,38.61343065,5.11822741,37.02530438,7.82447193,38.79842918
4.749518662,44.48835223,92.89309908,44.90272253,18.8406383,32,78.1593617,32,21.06795195,55.34622291,75.93204805,55.34622291,10.41862599,85.37095846,86.58137401,85.37095846,2.686170213,49.47,94.31382979,49.47,46.44268634,55.34622291,48.5,-8.1,-1,-6.8,19.41823795,83.29807993,,,,,,,,,,,,,,,,,,,,,,,-0.94430634,38.74837264,1.611505413,38.54992209,5.19480723,37.04502217,7.79430634,38.74837264
4.744916778,44.51303021,92.91007354,44.94398059,18.8306383,32,78.1693617,32,21.17191452,55.27631145,75.82808548,55.27631145,10.79776201,85.13005804,86.20223799,85.13005804,2.686170213,49.46,94.31382979,49.46,46.33872378,55.27631145,48.5,-8,-1,-6.6,19.75019991,82.71660147,,,,,,,,,,,,,,,,,,,,,,,-0.912808838,38.69866786,1.581034134,38.48675152,5.27084893,37.06561057,7.76280884,38.69866786
4.740088794,44.53755192,92.92779589,44.98408854,18.8206383,32,78.1793617,32,21.27521874,55.20296512,75.72478126,55.20296512,11.17462632,84.876629,85.82537368,84.876629,2.686170213,49.45,94.31382979,49.45,46.23541955,55.20296512,48.5,-7.9,-1,-6.4,20.07716317,82.12332955,,,,,,,,,,,,,,,,,,,,,,,-0.879989024,38.64932996,1.54888085,38.42393818,5.34632934,37.0870633,7.72998902,38.64932996
4.735036183,44.56190989,92.94624455,45.02299754,18.8106383,32,78.1893617,32,21.37783315,55.12620625,75.62216685,55.12620625,11.54910412,84.61074855,85.45089588,84.61074855,2.686170213,49.44,94.31382979,49.44,46.13280514,55.12620625,48.5,-7.8,-1,-6.2,20.39902813,81.51844489,,,,,,,,,,,,,,,,,,,,,,,-0.845856893,38.60037398,1.515055356,38.36150121,5.42122546,37.10937383,7.69585689,38.60037398
4.729760483,44.58609669,92.96539704,45.06066017,18.8006383,32,78.1993617,32,21.47972649,55.04605824,75.52027351,55.04605824,11.92108135,84.33249767,85.07891865,84.33249767,2.686170213,49.43,94.31382979,49.43,46.03091181,55.04605824,48.5,-7.7,-1,-6,20.71569674,80.90213176,,,,,,,,,,,,,,,,,,,,,,,-0.810422843,38.55181482,1.479567956,38.29945961,5.49551449,37.13253535,7.66042284,38.55181482
4.7242633,44.61010496,92.98523002,45.09703055,18.7906383,32,78.2093617,32,21.58086772,54.96254549,75.41913228,54.96254549,12.29044471,84.04196113,84.70955529,84.04196113,2.686170213,49.42,94.31382979,49.42,45.92977057,54.96254549,48.5,-7.6,-1,-5.8,21.02707255,80.27457787,,,,,,,,,,,,,,,,,,,,,,,-0.773697667,38.50366729,1.44242946,38.23783231,5.5691738,37.15654083,7.62369767,38.50366729
4.718546311,44.63392739,93.00571933,45.13206437,18.7806383,32,78.2193617,32,21.68122604,54.87569344,75.31877396,54.87569344,12.65708167,83.73922741,84.34291833,83.73922741,2.686170213,49.41,94.31382979,49.41,45.82941226,54.87569344,48.5,-7.5,-1,-5.6,21.3330607,79.6359744,,,,,,,,,,,,,,,,,,,,,,,-0.735692553,38.45594604,1.403651179,38.17663805,5.64218094,37.18138294,7.58569255,38.45594604
4.712611255,44.65755672,93.02684001,45.16571894,18.7706383,32,78.2293617,32,21.78077086,54.78552856,75.21922914,54.78552856,13.02088055,83.42438874,83.97911945,83.42438874,2.686170213,49.4,94.31382979,49.4,45.72986743,54.78552856,48.5,-7.4,-1,-5.4,21.63356799,78.98651587,,,,,,,,,,,,,,,,,,,,,,,-0.696419077,38.40866562,1.363244927,38.11589549,5.71451369,37.20705411,7.54641908,38.40866562
4.706459941,44.68098575,93.04856632,45.19795327,18.7606383,32,78.2393617,32,21.87947188,54.69207829,75.12052812,54.69207829,13.38173055,83.09754101,83.61826945,83.09754101,2.686170213,49.39,94.31382979,49.39,45.63116642,54.69207829,48.5,-7.3,-1,-5.2,21.92850288,78.32640011,,,,,,,,,,,,,,,,,,,,,,,-0.655889202,38.36184042,1.321223012,38.05562313,5.78615,37.23354654,7.5058892,38.36184042
4.700094242,44.70420734,93.0708718,45.22872807,18.7506383,32,78.2493617,32,21.97729902,54.59537111,75.02270098,54.59537111,13.73952174,82.7587838,83.26047826,82.7587838,2.686170213,49.38,94.31382979,49.38,45.53333927,54.59537111,48.5,-7.2,-1,-5,22.21777554,77.65582819,,,,,,,,,,,,,,,,,,,,,,,-0.614115273,38.31548471,1.277598233,37.99583932,5.85706806,37.26085214,7.46411527,38.31548471
4.693516098,44.72721443,93.09372927,45.25800585,18.7406383,32,78.2593617,32,22.07422249,54.49543649,74.92577751,54.49543649,14.09414513,82.40822029,82.90585487,82.40822029,2.686170213,49.37,94.31382979,49.37,45.4364158,54.49543649,48.5,-7.1,-1,-4.8,22.50129784,76.97500438,,,,,,,,,,,,,,,,,,,,,,,-0.571110017,38.26961261,1.232383879,37.93656229,5.92724626,37.2889626,7.42111002,38.26961261
4.686727513,44.75,93.11711088,45.28575095,18.7306383,32,78.2693617,32,22.17021277,54.39230485,74.82978723,54.39230485,14.44549271,82.04595726,82.55450729,82.04595726,2.686170213,49.36,94.31382979,49.36,45.34042553,54.39230485,48.5,-7,-1,-4.6,22.77898342,76.28413606,,,,,,,,,,,,,,,,,,,,,,,-0.526886531,38.22423809,1.185593724,37.87781007,5.99666323,37.31786936,7.37688653,38.22423809
4.679730554,44.77255711,93.14098815,45.31192956,18.7206383,32,78.2793617,32,22.2652406,54.28600761,74.7347594,54.28600761,14.79345745,81.67210506,82.20654255,81.67210506,2.686170213,49.35,94.31382979,49.35,45.2453977,54.28600761,48.5,-6.9,-1,-4.4,23.05074771,75.58343368,,,,,,,,,,,,,,,,,,,,,,,-0.481458288,38.17937497,1.13724202,37.81960058,6.06529781,37.34756361,7.33145829,38.17937497
4.672527353,44.7948789,93.16533197,45.33650979,18.7106383,32,78.2893617,32,22.35927705,54.17657715,74.64072295,54.17657715,15.13793335,81.28677758,81.86206665,81.28677758,2.686170213,49.34,94.31382979,49.34,45.15136125,54.17657715,48.5,-6.8,-1,-4.2,23.3165079,74.87311069,,,,,,,,,,,,,,,,,,,,,,,-0.434839126,38.13503692,1.087343494,37.76195154,6.13312912,37.3780363,7.28483913,38.13503692
4.665120103,44.81695855,93.1901127,45.35946168,18.7006383,32,78.2993617,32,22.45229348,54.06404682,74.54770652,54.06404682,15.47881549,80.89009218,81.52118451,80.89009218,2.686170213,49.33,94.31382979,49.33,45.05834482,54.06404682,48.5,-6.7,-1,-4,23.57618306,74.15338344,,,,,,,,,,,,,,,,,,,,,,,-0.387043244,38.09123745,1.035913348,37.70488051,6.15423087,37.38084655,7.23704324,38.09123745
4.657511061,44.83878936,93.21530015,45.38075728,18.6906383,32,78.3093617,32,22.54426154,53.94845087,74.45573846,53.94845087,15.81600002,80.48216971,81.18399998,80.48216971,2.686170213,49.32,94.31382979,49.32,44.96637676,53.94845087,48.5,-6.6,-1,-3.8,23.82969409,73.42447118,,,,,,,,,,,,,,,,,,,,,,,-0.338085202,38.04798989,0.982967246,37.64840488,6.16032223,37.37555315,7.1880852,38.04798989
4.649702546,44.86036465,93.24086361,45.40037064,18.6806383,32,78.3193617,32,22.63515323,53.82982453,74.36484677,53.82982453,16.14938425,80.06313441,80.85061575,80.06313441,2.686170213,49.31,94.31382979,49.31,44.87548507,53.82982453,48.5,-6.5,-1,-3.6,24.07696375,72.68659595,,,,,,,,,,,,,,,,,,,,,,,-0.287979913,38.00530742,0.928521317,37.59254185,6.10004733,37.42879756,7.13797991,38.00530742
4.641696934,44.88167788,93.26677196,45.41827786,18.6706383,32,78.3293617,32,22.72494085,53.70820393,74.27505915,53.70820393,16.47886661,79.63311393,80.52113339,79.63311393,2.686170213,49.3,94.31382979,49.3,44.78569745,53.70820393,48.5,-6.4,-1,-3.4,24.31791673,71.9399825,,,,,,,,,,,,,,,,,,,,,,,-0.23674264,37.96320305,0.872592146,37.53730844,6.04120323,37.48272146,7.08674264,37.96320305
4.633496666,44.90272253,93.29299363,45.43445713,18.6606383,32,78.3393617,32,22.81359706,53.58362612,74.18640294,53.58362612,16.80434675,79.19223926,80.19565325,79.19223926,2.686170213,49.29,94.31382979,49.29,44.69704124,53.58362612,48.5,-6.3,-1,-3.2,24.55247964,71.18485826,,,,,,,,,,,,,,,,,,,,,,,-0.184388989,37.92168959,0.815196769,37.48272146,5.98380785,37.53730844,7.03438899,37.92168959
4.625104239,44.92349221,93.31949666,45.44888874,18.6506383,32,78.3493617,32,22.90109485,53.45612904,74.09890515,53.45612904,17.12572552,78.74064469,79.87427448,78.74064469,2.686170213,49.28,94.31382979,49.28,44.60954344,53.45612904,48.5,-6.2,-1,-3,24.78058102,70.42145324,,,,,,,,,,,,,,,,,,,,,,,-0.130934909,37.88077969,0.756352669,37.42879756,5.92787868,37.59254185,6.98093491,37.88077969
4.616522209,44.94398059,93.34624877,45.4615551,18.6406383,32,78.3593617,32,22.98740758,53.32575154,74.01259242,53.32575154,17.44290502,78.27846778,79.55709498,78.27846778,2.686170213,49.27,94.31382979,49.27,44.52323072,53.32575154,48.5,-6.1,-1,-2.8,25.00215139,69.65,,,,,,,,,,,,,,,,,,,,,,,-0.076396682,37.84048582,0.696077771,37.37555315,5.87343275,37.64840488,6.92639668,37.84048582
4.60775319,44.96418141,93.37321736,45.47244078,18.6306383,32,78.3693617,32,23.07250894,53.19253332,73.92749106,53.19253332,17.75578864,77.80584932,79.24421136,77.80584932,2.686170213,49.26,94.31382979,49.26,44.43812936,53.19253332,48.5,-6,-1,-2.6,25.21712326,68.87073352,,,,,,,,,,,,,,,,,,,,,,,-0.020790921,37.80082024,0.728667339,37.37557006,5.82048665,37.70488051,6.87079092,37.80082024
4.598799855,44.98408854,93.40036958,45.48153251,18.6206383,32,78.3793617,32,23.15637301,53.05651496,73.84362699,53.05651496,18.06428107,77.32293328,78.93571893,77.32293328,2.686170213,49.25,94.31382979,49.25,44.35426528,53.05651496,48.5,-5.9,-1,-2.4,25.42543115,68.08389117,,,,,,,,,,,,,,,,,,,,,,,0.035865436,37.76179505,0.723270884,37.3780363,5.76905651,37.76195154,6.81413456,37.76179505
4.589664929,45.00369591,93.42767235,45.48881923,18.6106383,32,78.3893617,32,23.23897426,52.91773791,73.76102574,52.91773791,18.36828834,76.82986674,78.63171166,76.82986674,2.686170213,49.24,94.31382979,49.24,44.27166404,52.91773791,48.5,-5.8,-1,-2.2,25.6270116,67.28971264,,,,,,,,,,,,,,,,,,,,,,,0.093555131,37.72342212,0.791102187,37.34756361,5.71915798,37.81960058,6.75644487,37.72342212
4.580351195,45.02299754,93.45509241,45.49429205,18.6006383,32,78.3993617,32,23.32028751,52.77624442,73.67971249,52.77624442,18.66771785,76.32679991,78.33228215,76.32679991,2.686170213,49.23,94.31382979,49.23,44.19035079,52.77624442,48.5,-5.7,-1,-2,25.82180321,66.48843983,,,,,,,,,,,,,,,,,,,,,,,0.152260591,37.68571316,0.859736775,37.31786936,5.67080628,37.87781007,6.69773941,37.68571316
4.570861491,45.04198756,93.48259633,45.4979443,18.5906383,32,78.4093617,32,23.400288,52.6320776,73.599712,52.6320776,18.96247839,75.81388602,78.03752161,75.81388602,2.686170213,49.22,94.31382979,49.22,44.1103503,52.6320776,48.5,-5.6,-1,-1.8,26.00974664,65.68031683,,,,,,,,,,,,,,,,,,,,,,,0.211963934,37.64867963,0.929153742,37.2889626,5.62401612,37.93656229,6.63803607,37.64867963
4.561198707,45.06066017,93.51015063,45.49977154,18.5806383,32,78.4193617,32,23.47895136,52.48528137,73.52104864,52.48528137,19.25248017,75.29128131,77.74751983,75.29128131,2.686170213,49.21,94.31382979,49.21,44.03168694,52.48528137,48.5,-5.5,-1,-1.6,26.19078465,64.86558979,,,,,,,,,,,,,,,,,,,,,,,0.272646973,37.61233283,0.999331943,37.26085214,5.57880177,37.99583932,6.57735303,37.61233283
4.551365787,45.0790097,93.53772171,45.49977154,18.5706383,32,78.4293617,32,23.55625363,52.33590045,73.44374637,52.33590045,19.53763486,74.75914498,77.46236514,74.75914498,2.686170213,49.2,94.31382979,49.2,43.95438467,52.33590045,48.5,-5.4,-1,-1.4,26.36486209,64.04450689,,,,,,,,,,,,,,,,,,,,,,,0.334291225,37.57668382,1.07025,37.23354654,5.53517699,38.05562313,6.51570878,37.57668382
4.541365726,45.09703055,93.56527601,45.4979443,18.5606383,32,78.4393617,32,23.63217126,52.18398032,73.36782874,52.18398032,19.81785559,74.21763911,77.18214441,74.21763911,2.686170213,49.19,94.31382979,49.19,43.87846703,52.18398032,48.5,-5.3,-1,-1.2,26.53192594,63.21731824,,,,,,,,,,,,,,,,,,,,,,,0.317684267,37.56193537,1.141886312,37.20705411,5.49315507,38.11589549,6.53231573,37.56193537
4.531201569,45.11471724,93.59277994,45.49429205,18.5506383,32,78.4493617,32,23.70668113,52.02956728,73.29331887,52.02956728,20.093057,73.66692866,76.906943,73.66692866,2.686170213,49.18,94.31382979,49.18,43.80395717,52.02956728,48.5,-5.2,-1,-1,26.6919253,62.38427581,,,,,,,,,,,,,,,,,,,,,,,0.373040417,37.61083476,1.214219057,37.18138294,5.45274882,38.17663805,6.47695958,37.61083476
4.520876414,45.13206437,93.62019999,45.48881923,18.5406383,32,78.4593617,32,23.77976054,51.87270835,73.22023946,51.87270835,20.36315527,73.10718138,76.63684473,73.10718138,2.686170213,49.17,94.31382979,49.17,43.73087776,51.87270835,48.5,-5.1,-1,-0.8,26.84481143,61.54563335,,,,,,,,,,,,,,,,,,,,,,,0.427082531,37.66035819,1.287226202,37.15654083,5.41397054,38.23783231,6.42291747,37.66035819
4.510393404,45.14906666,93.64750276,45.48153251,18.5306383,32,78.4693617,32,23.85138723,51.71345132,73.14861277,51.71345132,20.62806812,72.53856776,76.37193188,72.53856776,2.686170213,49.16,94.31382979,49.16,43.65925107,51.71345132,48.5,-5,-1,-0.6,26.99053778,60.70164632,,,,,,,,,,,,,,,,,,,,,,,0.479794144,37.71049059,1.360885509,37.13253535,5.37683204,38.29945961,6.37020586,37.71049059
4.499755734,45.16571894,93.67465498,45.47244078,18.5206383,32,78.4793617,32,23.92153937,51.55184469,73.07846063,51.55184469,20.88771486,71.96126102,76.11228514,71.96126102,2.686170213,49.15,94.31382979,49.15,43.58909892,51.55184469,48.5,-4.9,-1,-0.4,27.12905994,59.85257181,,,,,,,,,,,,,,,,,,,,,,,0.531159202,37.76121666,1.435174539,37.10937383,5.34134464,38.36150121,6.3188408,37.76121666
4.488966644,45.18201613,93.70162357,45.4615551,18.5106383,32,78.4893617,32,23.99019561,51.3879377,73.00980439,51.3879377,21.1420164,71.37543701,75.8579836,71.37543701,2.686170213,49.14,94.31382979,49.14,43.52044268,51.3879377,48.5,-4.8,-1,-0.2,27.26033572,58.99866845,,,,,,,,,,,,,,,,,,,,,,,0.581162058,37.81252098,1.510070665,37.0870633,5.30751915,38.42393818,6.26883794,37.81252098
4.47802942,45.19795327,93.72837568,45.44888874,18.5006383,32,78.4993617,32,24.05733503,51.22178028,72.94266497,51.22178028,21.39089527,70.78127418,75.60910473,70.78127418,2.686170213,49.13,94.31382979,49.13,43.45330327,51.22178028,48.5,-4.7,-1,-2.05E-15,27.38432513,58.14019635,,,,,,,,,,,,,,,,,,,,,,,0.629787481,37.8643879,1.585551071,37.06561057,5.27536587,38.48675152,6.22021252,37.8643879
4.466947393,45.21352549,93.75487871,45.43445713,18.4906383,32,78.5093617,32,24.12293718,51.05342303,72.87706282,51.05342303,21.63427566,70.17895351,75.36572434,70.17895351,2.686170213,49.12,94.31382979,49.12,43.38770112,51.05342303,48.5,-4.6,-1,0.2,27.50099042,57.27741701,,,,,,,,,,,,,,,,,,,,,,,0.677020658,37.91680164,1.661592766,37.04502217,5.24489459,38.54992209,6.17297934,37.91680164
4.45572394,45.22872807,93.78110038,45.41827786,18.4806383,32,78.5193617,32,24.18698207,50.88291724,72.81301793,50.88291724,21.87208344,69.56865847,75.12791656,69.56865847,2.686170213,49.11,94.31382979,49.11,43.32365623,50.88291724,48.5,-4.5,-1,0.4,27.61029603,56.41059324,,,,,,,,,,,,,,,,,,,,,,,0.722847202,37.96974621,1.738172587,37.02530438,5.21611459,38.61343065,6.1271528,37.96974621
4.44436248,45.24355636,93.80700873,45.40037064,18.4706383,32,78.5293617,32,24.24945019,50.71031484,72.75054981,50.71031484,22.10424616,68.95057498,74.89575384,68.95057498,2.686170213,49.1,94.31382979,49.1,43.26118811,50.71031484,48.5,-4.4,-1,0.6,27.71220867,55.53998909,,,,,,,,,,,,,,,,,,,,,,,0.767253155,38.02320551,1.815267206,37.0064632,5.18903465,38.67725786,6.08274685,38.02320551
4.432866472,45.25800585,93.83257219,45.38075728,18.4606383,32,78.5393617,32,24.31032253,50.53566842,72.68967747,50.53566842,22.33069312,68.3248913,74.66930688,68.3248913,2.686170213,49.09,94.31382979,49.09,43.20031577,50.53566842,48.5,-4.3,-1,0.8,27.8066973,54.66586974,,,,,,,,,,,,,,,,,,,,,,,0.810224988,38.07716323,1.89285314,36.98850437,5.16366301,38.74138426,6.03977501,38.07716323
4.421239419,45.27207214,93.85775964,45.35946168,18.4506383,32,78.5493617,32,24.36958052,50.35903117,72.63041948,50.35903117,22.55135532,67.69179802,74.44864468,67.69179802,2.686170213,49.08,94.31382979,49.08,43.14105778,50.35903117,48.5,-4.2,-1,1,27.89373314,53.78850146,,,,,,,,,,,,,,,,,,,,,,,0.851749614,38.13160295,1.970906756,36.97143335,5.1400074,38.80579034,5.99825039,38.13160295
4.409484862,45.28575095,93.88254037,45.33650979,18.4406383,32,78.5593617,32,24.42720613,50.1804569,72.57279387,50.1804569,22.76616556,67.05148799,74.23383444,67.05148799,2.686170213,49.07,94.31382979,49.07,43.08343216,50.1804569,48.5,-4.1,-1,1.2,27.97328967,52.90815151,,,,,,,,,,,,,,,,,,,,,,,0.891814382,38.18650808,2.049404278,36.95525536,5.11807503,38.87045646,5.95818562,38.18650808
4.397606383,45.29903811,93.90688419,45.31192956,18.4306383,32,78.5693617,32,24.48318181,50,72.51681819,50,22.97505841,66.40415626,74.02494159,66.40415626,2.686170213,49.06,94.31382979,49.06,43.02745649,50,48.5,-4,-1,1.4,28.04534267,52.02508806,,,,,,,,,,,,,,,,,,,,,,,0.930407089,38.24186191,2.128321794,36.93997531,5.09787257,38.93536293,5.91959291,38.24186191
4.385607599,45.31192956,93.93076146,45.28575095,18.4206383,32,78.5793617,32,24.53749049,49.81771544,72.46250951,49.81771544,23.17797022,65.75,73.82202978,65.75,2.686170213,49.05,94.31382979,49.05,42.97314781,49.81771544,48.5,-3.9,-1,1.6,28.10987018,51.13958008,,,,,,,,,,,,,,,,,,,,,,,0.96751598,38.29764756,2.207635265,36.92559787,5.07940619,39.00048998,5.88248402,38.29764756
4.373492165,45.32442139,93.95414307,45.25800585,18.4106383,32,78.5893617,32,24.59011564,49.63365875,72.40988436,49.63365875,23.3748392,65.08921848,73.6251608,65.08921848,2.686170213,49.04,94.31382979,49.04,42.92052266,49.63365875,48.5,-3.8,-1,1.8,28.16685254,50.25189732,,,,,,,,,,,,,,,,,,,,,,,1.003129749,38.35384804,2.287320533,36.91212741,5.06268149,39.06581778,5.84687025,38.35384804
4.361263772,45.33650979,93.97700054,45.22872807,18.4006383,32,78.5993617,32,24.64104123,49.447886,72.35895877,49.447886,23.56560537,64.42201298,73.43439463,64.42201298,2.686170213,49.03,94.31382979,49.03,42.86959707,49.447886,48.5,-3.7,-1,2,28.21627241,49.36231017,,,,,,,,,,,,,,,,,,,,,,,1.03723755,38.41044624,2.367353323,36.89956803,5.04770359,39.13132642,5.81276245,38.41044624
4.348926145,45.34819107,93.99930602,45.19795327,18.3906383,32,78.6093617,32,24.69025174,49.26045376,72.30974826,49.26045376,23.75021062,63.74858674,73.24978938,63.74858674,2.686170213,49.02,94.31382979,49.02,42.82038656,49.26045376,48.5,-3.6,-1,2.2,28.25811472,48.4710896,,,,,,,,,,,,,,,,,,,,,,,1.069828993,38.46742491,2.447709257,36.88792356,5.03447704,39.19699594,5.78017101,38.46742491
4.336483042,45.35946168,94.02103233,45.16571894,18.3806383,32,78.6193617,32,24.73773219,49.07141914,72.26226781,49.07141914,23.92859873,63.06914489,73.07140127,63.06914489,2.686170213,49.01,94.31382979,49.01,42.77290611,49.07141914,48.5,-3.5,-1,2.4,28.29236674,47.5785071,,,,,,,,,,,,,,,,,,,,,,,1.100894149,38.5247667,2.528363859,36.87719755,5.02300588,39.26280635,5.74910585,38.5247667
4.323938253,45.37031819,94.04215301,45.13206437,18.3706383,32,78.6293617,32,24.7834681,48.88083972,72.2165319,48.88083972,24.10071535,62.38389439,72.89928465,62.38389439,2.686170213,49,94.31382979,49,42.72717019,48.88083972,48.5,-3.4,-1,2.6,28.31901802,46.68483456,,,,,,,,,,,,,,,,,,,,,,,1.130423556,38.58245414,2.609292559,36.86739327,5.01329358,39.32873759,5.71957644,38.58245414
4.311295599,45.38075728,94.06264232,45.09703055,18.3606383,32,78.6393617,32,24.82744556,48.68877354,72.17255444,48.68877354,24.26650805,61.69304397,72.73349195,61.69304397,2.686170213,48.99,94.31382979,48.99,42.68319273,48.68877354,48.5,-3.3,-1,2.8,28.33806045,45.79034418,,,,,,,,,,,,,,,,,,,,,,,1.15840822,38.64046967,2.690470706,36.8585137,5.00534312,39.39476959,5.69159178,38.64046967
4.298558932,45.39077578,94.0824753,45.06066017,18.3506383,32,78.6493617,32,24.86965117,48.49527912,72.13034883,48.49527912,24.42592634,60.99680409,72.57407366,60.99680409,2.686170213,48.98,94.31382979,48.98,42.64098713,48.49527912,48.5,-3.2,-1,3,28.34948823,44.89530845,,,,,,,,,,,,,,,,,,,,,,,1.184839615,38.6987956,2.771873573,36.85056154,4.99915692,39.46088224,5.66516039,38.6987956
4.28573213,45.40037064,94.10162779,45.02299754,18.3406383,32,78.6593617,32,24.91007206,48.30041539,72.08992794,48.30041539,24.57892165,60.29538681,72.42107835,60.29538681,2.686170213,48.97,94.31382979,48.97,42.60056624,48.30041539,48.5,-3.1,-1,3.2,28.35329787,44,,,,,,,,,,,,,,,,,,,,,,,1.209709691,38.75741417,2.853476363,36.84353922,4.99473686,39.52705538,5.64029031,38.75741417
4.272819103,45.40953893,94.12007645,44.98408854,18.3306383,32,78.6693617,32,24.94869592,48.10424172,72.05130408,48.10424172,24.72544738,59.58900581,72.27455262,59.58900581,2.686170213,48.96,94.31382979,48.96,42.56194238,48.10424172,48.5,-3,-1,3.4,28.34948823,43.10469155,,,,,,,,,,,,,,,,,,,,,,,1.233010872,38.81630752,2.93525422,36.83744888,4.99208428,39.59326886,5.61698913,38.81630752
4.259823782,45.41827786,94.1377988,44.94398059,18.3206383,32,78.6793617,32,24.985511,47.90681785,72.014489,47.90681785,24.86545889,58.87787623,72.13454111,58.87787623,2.686170213,48.95,94.31382979,48.95,42.5251273,47.90681785,48.5,-2.9,-1,3.6,28.33806045,42.20965582,,,,,,,,,,,,,,,,,,,,,,,1.254736059,38.87545772,3.01718223,36.83229237,4.9912,39.65950253,5.59526394,38.87545772
4.246750126,45.42658477,94.15477326,44.90272253,18.3106383,32,78.6893617,32,25.02050607,47.70820393,71.97949393,47.70820393,24.99891354,58.16221472,72.00108646,58.16221472,2.686170213,48.94,94.31382979,48.94,42.49013223,47.70820393,48.5,-2.8,-1,3.8,28.31901802,41.31516544,,,,,,,,,,,,,,,,,,,,,,,1.274878637,38.93484675,3.09923545,36.82807127,4.99208428,39.72573619,5.57512136,38.93484675
4.233602118,45.43445713,94.17097914,44.86036465,18.3006383,32,78.6993617,32,25.05367048,47.50846046,71.94632952,47.50846046,25.12577068,57.44223926,71.87422932,57.44223926,2.686170213,48.93,94.31382979,48.93,42.45696782,47.50846046,48.5,-2.7,-1,4,28.29236674,40.4214929,,,,,,,,,,,,,,,,,,,,,,,1.293432468,38.99445651,3.18138886,36.82478685,4.99269441,39.74560327,5.55656753,38.99445651
4.220383762,45.44189254,94.1863967,44.81695855,18.2906383,32,78.7093617,32,25.08499412,47.30764827,71.91500588,47.30764827,25.24599166,56.71816916,71.75400834,56.71816916,2.686170213,48.92,94.31382979,48.92,42.42564418,47.30764827,48.5,-2.6,-1,4.2,28.25811472,39.5289104,,,,,,,,,,,,,,,,,,,,,,,1.310391901,39.05426886,3.18138886,39.74179,3.67501114,39.74179,5.5396081,39.05426886
4.207099086,45.44888874,94.20100715,44.77255711,18.2806383,32,78.7193617,32,25.11446746,47.10582854,71.88553254,47.10582854,25.35953986,55.99022498,71.64046014,55.99022498,2.686170213,48.91,94.31382979,48.91,42.39617084,47.10582854,48.5,-2.5,-1,4.4,28.21627241,38.63768983,,,,,,,,,,,,,,,,,,,,,,,1.32575177,39.11426556,1.863576471,39.74179,3.67501114,36.82478685,5.52424823,39.11426556
4.193752136,45.45544359,94.21479269,44.72721443,18.2706383,32,78.7293617,32,25.1420815,46.90306275,71.8579185,46.90306275,25.4663807,55.25862846,71.5336193,55.25862846,2.686170213,48.9,94.31382979,48.9,42.36855679,46.90306275,48.5,-2.4,-1,4.6,28.16685254,37.74810268,,,,,,,,,,,,,,,,,,,,,,,1.339507396,39.17442835,,,,,5.5104926,39.17442835
4.180346976,45.4615551,94.22773654,44.68098575,18.2606383,32,78.7393617,32,25.16782786,46.69941265,71.83217214,46.69941265,25.56648162,54.52360246,71.43351838,54.52360246,2.686170213,48.89,94.31382979,48.89,42.34281044,46.69941265,48.5,-2.3,-1,4.8,28.10987018,36.86041992,,,,,,,,,,,,,,,,,,,,,,,1.35165459,39.2347389,,,,,5.49834541,39.2347389
4.166887692,45.4672214,94.23982291,44.63392739,18.2506383,32,78.7493617,32,25.19169867,46.49494029,71.80830133,46.49494029,25.65981215,53.78537086,71.34018785,53.78537086,2.686170213,48.88,94.31382979,48.88,42.31893963,46.49494029,48.5,-2.2,-1,5,28.04534267,35.97491194,,,,,,,,,,,,,,,,,,,,,,,1.36218965,39.29517883,,,,,5.48781035,39.29517883
4.153378382,45.47244078,94.25103708,44.58609669,18.2406383,32,78.7593617,32,25.21368667,46.28970794,71.78631333,46.28970794,25.74634384,53.04415855,71.25365616,53.04415855,2.686170213,48.87,94.31382979,48.87,42.29695163,46.28970794,48.5,-2.1,-1,5.2,27.97328967,35.09184849,,,,,,,,,,,,,,,,,,,,,,,1.371109369,39.35572975,,,,,5.47889063,39.35572975
4.139823162,45.47721163,94.26136539,44.53755192,18.2306383,32,78.7693617,32,25.23378516,46.08377813,71.76621484,46.08377813,25.82605035,52.3001913,71.17394965,52.3001913,2.686170213,48.86,94.31382979,48.86,42.27685314,46.08377813,48.5,-2,-1,5.4,27.89373314,34.21149854,,,,,,,,,,,,,,,,,,,,,,,1.378411029,39.41637319,,,,,5.47158897,39.41637319
4.12622616,45.48153251,94.27079526,44.48835223,18.2206383,32,78.7793617,32,25.25198802,45.87721358,71.74801198,45.87721358,25.89890738,51.55369573,71.10109262,51.55369573,2.686170213,48.85,94.31382979,48.85,42.25865027,45.87721358,48.5,-1.9,-1,5.6,27.8066973,33.33413026,,,,,,,,,,,,,,,,,,,,,,,1.384092405,39.47709069,,,,,5.4659076,39.47709069
4.112591519,45.4854021,94.27931519,44.43855756,18.2106383,32,78.7893617,32,25.26828971,45.67007721,71.73171029,45.67007721,25.96489276,50.80489923,71.03510724,50.80489923,2.686170213,48.84,94.31382979,48.84,42.24234859,45.67007721,48.5,-1.8,-1,5.8,27.71220867,32.46001091,,,,,,,,,,,,,,,,,,,,,,,1.388151768,39.53786376,,,,,5.46184823,39.53786376
4.098923391,45.48881923,94.28691481,44.38822857,18.2006383,32,78.7993617,32,25.28268526,45.46243212,71.71731474,45.46243212,26.02398637,50.05402989,70.97601363,50.05402989,2.686170213,48.83,94.31382979,48.83,42.22795304,45.46243212,48.5,-1.7,-1,6,27.61029603,31.58940676,,,,,,,,,,,,,,,,,,,,,,,1.39058788,39.59867388,,,,,5.45941212,39.59867388
4.08522594,45.49178284,94.29358487,44.33742658,18.1906383,32,78.8093617,32,25.29517027,45.25434156,71.70482973,45.25434156,26.07617022,49.30131644,70.92382978,49.30131644,2.686170213,48.82,94.31382979,48.82,42.21546802,45.25434156,48.5,-1.6,-1,6.2,27.50099042,30.72258299,,,,,,,,,,,,,,,,,,,,,,,1.3914,39.65950253,,,,,5.4586,39.65950253
4.071503339,45.49429205,94.29931722,44.28621349,18.1806383,32,78.8193617,32,25.30574096,45.04586891,71.69425904,45.04586891,26.12142842,48.54698815,70.87857158,48.54698815,2.686170213,48.81,94.31382979,48.81,42.20489733,45.04586891,48.5,-1.5,-1,6.4,27.38432513,29.85980365,,,,,,,,,,,,,,,,,,,,,,,1.39058788,39.72033117,,,,,5.45941212,39.72033117
4.057759768,45.49634608,94.30410489,44.2346517,18.1706383,32,78.8293617,32,25.3143941,44.83707768,71.6856059,44.83707768,26.15974717,47.79127481,70.84025283,47.79127481,2.686170213,48.8,94.31382979,48.8,42.19624419,44.83707768,48.5,-1.4,-1,6.6,27.26033572,29.00133155,,,,,,,,,,,,,,,,,,,,,,,1.389908959,39.74192185,,,,,5.46009104,39.74192185
4.043999412,45.4979443,94.30794204,44.18280402,18.1606383,32,78.8393617,32,25.32112706,44.62803147,71.67887294,44.62803147,26.1911148,47.03440661,70.8088852,47.03440661,2.686170213,48.79,94.31382979,48.79,42.18951124,44.62803147,48.5,-1.3,-1,6.8,27.12905994,28.14742819,,,,,,,,,,,,,,,,,,,,,,,-1.281237023,39.74179,,,,,8.13123702,39.74179
4.030226464,45.49908624,94.310824,44.13073361,18.1506383,32,78.8493617,32,25.32593778,44.41879396,71.67406222,44.41879396,26.21552176,46.2766141,70.78447824,46.2766141,2.686170213,48.78,94.31382979,48.78,42.18470052,44.41879396,48.5,-1.2,-1,7,26.99053778,27.29835368,,,,,,,,,,,,,,,,,,,,,,,,,,,,,,
4.016445119,45.49977154,94.31274727,44.07850393,18.1406383,32,78.8593617,32,25.3288248,44.20942888,71.6711752,44.20942888,26.23296062,45.51812811,70.76703938,45.51812811,2.686170213,48.77,94.31382979,48.77,42.1818135,44.20942888,48.5,-1.1,-1,7.2,26.84481143,26.45436665,,,,,,,,,,,,,,,,,,,,,,,,,,,,,,
4.002659574,45.5,94.31370948,44.02617861,18.1306383,32,78.8693617,32,25.32978723,44,71.67021277,44,26.24342606,44.75917968,70.75657394,44.75917968,2.686170213,48.76,94.31382979,48.76,42.18085106,44,48.5,-1,-1,7.4,26.6919253,25.61572419,,,,,,,,,,,,,,,,,,,,,,,,,,,,,,
3.98887403,45.49977154,94.31370948,43.97382139,18.1206383,32,78.8793617,32,25.3288248,43.79057112,71.6711752,43.79057112,26.24691489,44,70.75308511,44,2.686170213,48.75,94.31382979,48.75,42.1818135,43.79057112,48.5,-0.9,-1,7.6,26.53192594,24.78268176,,,,,,,,,,,,,,,,,,,,,,,,,,,,,,
3.975092685,45.49908624,94.31274727,43.92149607,18.1106383,32,78.8893617,32,25.32593778,43.58120604,71.67406222,43.58120604,26.24342606,43.24082032,70.75657394,43.24082032,2.686170213,48.74,94.31382979,48.74,42.18470052,43.58120604,48.5,-0.8,-1,7.8,26.36486209,23.95549311,,,,,,,,,,,,,,,,,,,,,,,,,,,,,,
3.961319737,45.4979443,94.310824,43.86926639,18.1006383,32,78.8993617,32,25.32112706,43.37196853,71.67887294,43.37196853,26.23296062,42.48187189,70.76703938,42.48187189,2.686170213,48.73,94.31382979,48.73,42.18951124,43.37196853,48.5,-0.7,-1,8,26.19078465,23.13441021,,,,,,,,,,,,,,,,,,,,,,,,,,,,,,
3.947559381,45.49634608,94.30794204,43.81719598,18.0906383,32,78.9093617,32,25.3143941,43.16292232,71.6856059,43.16292232,26.21552176,41.7233859,70.78447824,41.7233859,2.686170213,48.72,94.31382979,48.72,42.19624419,43.16292232,48.5,-0.6,-1,8.2,26.00974664,22.31968317,,,,,,,,,,,,,,,,,,,,,,,,,,,,,,
3.93381581,45.49429205,94.30410489,43.7653483,18.0806383,32,78.9193617,32,25.30574096,42.95413109,71.69425904,42.95413109,26.1911148,40.96559339,70.8088852,40.96559339,2.686170213,48.71,94.31382979,48.71,42.20489733,42.95413109,48.5,-0.5,-1,8.4,25.82180321,21.51156017,,,,,,,,,,,,,,,,,,,,,,,,,,,,,,
3.920093209,45.49178284,94.29931722,43.71378651,18.0706383,32,78.9293617,32,25.29517027,42.74565844,71.70482973,42.74565844,26.15974717,40.20872519,70.84025283,40.20872519,2.686170213,48.7,94.31382979,48.7,42.21546802,42.74565844,48.5,-0.4,-1,8.6,25.6270116,20.71028736,,,,,,,,,,,,,,,,,,,,,,,,,,,,,,
3.906395758,45.48881923,94.29358487,43.66257342,18.0606383,32,78.9393617,32,25.28268526,42.53756788,71.71731474,42.53756788,26.12142842,39.45301185,70.87857158,39.45301185,2.686170213,48.69,94.31382979,48.69,42.22795304,42.53756788,48.5,-0.3,-1,8.8,25.42543115,19.91610883,,,,,,,,,,,,,,,,,,,,,,,,,,,,,,
3.89272763,45.4854021,94.28691481,43.61177143,18.0506383,32,78.9493617,32,25.26828971,42.32992279,71.73171029,42.32992279,26.07617022,38.69868356,70.92382978,38.69868356,2.686170213,48.68,94.31382979,48.68,42.24234859,42.32992279,48.5,-0.2,-1,9,25.21712326,19.12926648,,,,,,,,,,,,,,,,,,,,,,,,,,,,,,
3.879092989,45.48153251,94.27931519,43.56144244,18.0406383,32,78.9593617,32,25.25198802,42.12278642,71.74801198,42.12278642,26.02398637,37.94597011,70.97601363,37.94597011,2.686170213,48.67,94.31382979,48.67,42.25865027,42.12278642,48.5,-0.1,-1,9.2,25.00215139,18.35,,,,,,,,,,,,,,,,,,,,,,,,,,,,,,
3.865495987,45.47721163,94.27079526,43.51164777,18.0306383,32,78.9693617,32,25.23378516,41.91622187,71.76621484,41.91622187,25.96489276,37.19510077,71.03510724,37.19510077,2.686170213,48.66,94.31382979,48.66,42.27685314,41.91622187,48.5,-1.88E-14,-1,9.4,24.78058102,17.57854676,,,,,,,,,,,,,,,,,,,,,,,,,,,,,,
3.851940767,45.47244078,94.26136539,43.46244808,18.0206383,32,78.9793617,32,25.21368667,41.71029206,71.78631333,41.71029206,25.89890738,36.44630427,71.10109262,36.44630427,2.686170213,48.65,94.31382979,48.65,42.29695163,41.71029206,48.5,0.1,-1,9.6,24.55247964,16.81514174,,,,,,,,,,,,,,,,,,,,,,,,,,,,,,
3.838431457,45.4672214,94.25103708,43.41390331,18.0106383,32,78.9893617,32,25.19169867,41.50505971,71.80830133,41.50505971,25.82605035,35.6998087,71.17394965,35.6998087,2.686170213,48.64,94.31382979,48.64,42.31893963,41.50505971,48.5,0.2,-1,9.8,24.31791673,16.0600175,,,,,,,,,,,,,,,,,,,,,,,,,,,,,,
3.824972172,45.4615551,94.23982291,43.36607261,18.0006383,32,78.9993617,32,25.16782786,41.30058735,71.83217214,41.30058735,25.74634384,34.95584145,71.25365616,34.95584145,2.686170213,48.63,94.31382979,48.63,42.34281044,41.30058735,48.5,0.3,-1,10,24.07696375,15.31340405,,,,,,,,,,,,,,,,,,,,,,,,,,,,,,
3.811567013,45.45544359,94.22773654,43.31901425,17.9906383,32,79.0093617,32,25.1420815,41.09693725,71.8579185,41.09693725,25.65981215,34.21462914,71.34018785,34.21462914,2.686170213,48.62,94.31382979,48.62,42.36855679,41.09693725,48.5,0.4,-1,10.2,23.82969409,14.57552882,,,,,,,,,,,,,,,,,,,,,,,,,,,,,,
3.798220063,45.44888874,94.21479269,43.27278557,17.9806383,32,79.0193617,32,25.11446746,40.89417146,71.88553254,40.89417146,25.56648162,33.47639754,71.43351838,33.47639754,2.686170213,48.61,94.31382979,48.61,42.39617084,40.89417146,48.5,0.5,-1,10.4,23.57618306,13.84661656,,,,,,,,,,,,,,,,,,,,,,,,,,,,,,
3.784935386,45.44189254,94.20100715,43.22744289,17.9706383,32,79.0293617,32,25.08499412,40.69235173,71.91500588,40.69235173,25.4663807,32.74137154,71.5336193,32.74137154,2.686170213,48.6,94.31382979,48.6,42.42564418,40.69235173,48.5,0.6,-1,10.6,23.3165079,13.12688931,,,,,,,,,,,,,,,,,,,,,,,,,,,,,,
3.771717031,45.43445713,94.1863967,43.18304145,17.9606383,32,79.0393617,32,25.05367048,40.49153954,71.94632952,40.49153954,25.35953986,32.00977502,71.64046014,32.00977502,2.686170213,48.59,94.31382979,48.59,42.45696782,40.49153954,48.5,0.7,-1,10.8,23.05074771,12.41656632,,,,,,,,,,,,,,,,,,,,,,,,,,,,,,
3.758569023,45.42658477,94.17097914,43.13963535,17.9506383,32,79.0493617,32,25.02050607,40.29179607,71.97949393,40.29179607,25.24599166,31.28183084,71.75400834,31.28183084,2.686170213,48.58,94.31382979,48.58,42.49013223,40.29179607,48.5,0.8,-1,11,22.77898342,11.71586394,,,,,,,,,,,,,,,,,,,,,,,,,,,,,,
3.745495367,45.41827786,94.15477326,43.09727747,17.9406383,32,79.0593617,32,24.985511,40.09318215,72.014489,40.09318215,25.12577068,30.55776074,71.87422932,30.55776074,2.686170213,48.57,94.31382979,48.57,42.5251273,40.09318215,48.5,0.9,-1,11.2,22.50129784,11.02499562,,,,,,,,,,,,,,,,,,,,,,,,,,,,,,
3.732500046,45.40953893,94.1377988,43.05601941,17.9306383,32,79.0693617,32,24.94869592,39.89575828,72.05130408,39.89575828,24.99891354,29.83778528,72.00108646,29.83778528,2.686170213,48.56,94.31382979,48.56,42.56194238,39.89575828,48.5,1,-1,11.4,22.21777554,10.34417181,,,,,,,,,,,,,,,,,,,,,,,,,,,,,,
3.719587019,45.40037064,94.12007645,43.01591146,17.9206383,32,79.0793617,32,24.91007206,39.69958461,72.08992794,39.69958461,24.86545889,29.12212377,72.13454111,29.12212377,2.686170213,48.55,94.31382979,48.55,42.60056624,39.69958461,48.5,1.1,-1,11.6,21.92850288,9.673599894,,,,,,,,,,,,,,,,,,,,,,,,,,,,,,
3.706760217,45.39077578,94.10162779,42.97700246,17.9106383,32,79.0893617,32,24.86965117,39.50472088,72.13034883,39.50472088,24.72544738,28.41099419,72.27455262,28.41099419,2.686170213,48.54,94.31382979,48.54,42.64098713,39.50472088,48.5,1.2,-1,11.8,21.63356799,9.013484129,,,,,,,,,,,,,,,,,,,,,,,,,,,,,,
3.69402355,45.38075728,94.0824753,42.93933983,17.9006383,32,79.0993617,32,24.82744556,39.31122646,72.17255444,39.31122646,24.57892165,27.70461319,72.42107835,27.70461319,2.686170213,48.53,94.31382979,48.53,42.68319273,39.31122646,48.5,1.3,-1,12,21.3330607,8.364025595,,,,,,,,,,,,,,,,,,,,,,,,,,,,,,
3.681380896,45.37031819,94.06264232,42.90296945,17.8906383,32,79.1093617,32,24.7834681,39.11916028,72.2165319,39.11916028,24.42592634,27.00319591,72.57407366,27.00319591,2.686170213,48.52,94.31382979,48.52,42.72717019,39.11916028,48.5,1.4,-1,12.2,21.02707255,7.725422125,,,,,,,,,,,,,,,,,,,,,,,,,,,,,,
3.668836107,45.35946168,94.04215301,42.86793563,17.8806383,32,79.1193617,32,24.73773219,38.92858086,72.26226781,38.92858086,24.10071535,25.61610561,72.89928465,25.61610561,2.686170213,48.51,94.31382979,48.51,42.77290611,38.92858086,48.5,1.5,-1,12.4,20.71569674,7.097868243,,,,,,,,,,,,,,,,,,,,,,,,,,,,,,
3.656393004,45.34819107,94.02103233,42.83428106,17.8706383,32,79.1293617,32,24.69025174,38.73954624,72.30974826,38.73954624,23.92859873,24.93085511,73.07140127,24.93085511,2.686170213,48.5,94.31382979,48.5,42.82038656,38.73954624,48.5,1.6,-1,12.6,20.39902813,6.481555107,,,,,,,,,,,,,,,,,,,,,,,,,,,,,,
3.644055377,45.33650979,93.99930602,42.80204673,17.8606383,32,79.1393617,32,24.64104123,38.552114,72.35895877,38.552114,23.75021062,24.25141326,73.24978938,24.25141326,2.686170213,48.49,94.31382979,48.49,42.86959707,38.552114,48.5,1.7,-1,12.8,20.07716317,5.876670453,,,,,,,,,,,,,,,,,,,,,,,,,,,,,,
3.631826984,45.32442139,93.97700054,42.77127193,17.8506383,32,79.1493617,32,24.59011564,38.36634125,72.40988436,38.36634125,23.56560537,23.57798702,73.43439463,23.57798702,2.686170213,48.48,94.31382979,48.48,42.92052266,38.36634125,48.5,1.8,-1,13,19.75019991,5.283398535,,,,,,,,,,,,,,,,,,,,,,,,,,,,,,
3.61971155,45.31192956,93.95414307,42.74199415,17.8406383,32,79.1593617,32,24.53749049,38.18228456,72.46250951,38.18228456,23.3748392,22.91078152,73.6251608,22.91078152,2.686170213,48.47,94.31382979,48.47,42.97314781,38.18228456,48.5,1.9,-1,13.2,19.41823795,4.701920068,,,,,,,,,,,,,,,,,,,,,,,,,,,,,,
3.607712766,45.29903811,93.93076146,42.71424905,17.8306383,32,79.1693617,32,24.48318181,38,72.51681819,38,23.17797022,22.25,73.82202978,22.25,2.686170213,48.46,94.31382979,48.46,43.02745649,38,48.5,2,-1,13.4,19.0813784,4.132412177,,,,,,,,,,,,,,,,,,,,,,,,,,,,,,
3.595834287,45.28575095,93.90688419,42.68807044,17.8206383,32,79.1793617,32,24.42720613,37.8195431,72.57279387,37.8195431,22.97505841,21.59584374,74.02494159,21.59584374,2.686170213,48.45,94.31382979,48.45,43.08343216,37.8195431,48.5,2.1,-1,13.6,18.73972387,3.57504834,,,,,,,,,,,,,,,,,,,,,,,,,,,,,,
3.58407973,45.27207214,93.88254037,42.66349021,17.8106383,32,79.1893617,32,24.36958052,37.64096883,72.63041948,37.64096883,22.76616556,20.94851201,74.23383444,20.94851201,2.686170213,48.44,94.31382979,48.44,43.14105778,37.64096883,48.5,2.2,-1,13.8,18.39337844,3.029998335,,,,,,,,,,,,,,,,,,,,,,,,,,,,,,
3.572452677,45.25800585,93.85775964,42.64053832,17.8006383,32,79.1993617,32,24.31032253,37.46433158,72.68967747,37.46433158,22.55135532,20.30820198,74.44864468,20.30820198,2.686170213,48.43,94.31382979,48.43,43.20031577,37.46433158,48.5,2.3,-1,14,18.0424476,2.497428189,,,,,,,,,,,,,,,,,,,,,,,,,,,,,,
3.560956669,45.24355636,93.83257219,42.61924272,17.7906383,32,79.2093617,32,24.24945019,37.28968516,72.75054981,37.28968516,22.33069312,19.6751087,74.66930688,19.6751087,2.686170213,48.42,94.31382979,48.42,43.26118811,37.28968516,48.5,2.4,-1,14.2,17.68703826,1.977500128,,,,,,,,,,,,,,,,,,,,,,,,,,,,,,
3.549595209,45.22872807,93.80700873,42.59962936,17.7806383,32,79.2193617,32,24.18698207,37.11708276,72.81301793,37.11708276,22.10424616,19.04942502,74.89575384,19.04942502,2.686170213,48.41,94.31382979,48.41,43.32365623,37.11708276,48.5,2.5,-1,14.4,17.32725866,1.470372528,,,,,,,,,,,,,,,,,,,,,,,,,,,,,,
3.538371756,45.21352549,93.78110038,42.58172214,17.7706383,32,79.2293617,32,24.12293718,36.94657697,72.87706282,36.94657697,21.87208344,18.43134153,75.12791656,18.43134153,2.686170213,48.4,94.31382979,48.4,43.38770112,36.94657697,48.5,2.6,-1,14.6,16.96321842,0.976199864,,,,,,,,,,,,,,,,,,,,,,,,,,,,,,
3.527289729,45.19795327,93.75487871,42.56554287,17.7606383,32,79.2393617,32,24.05733503,36.77821972,72.94266497,36.77821972,21.63427566,17.82104649,75.36572434,17.82104649,2.686170213,48.39,94.31382979,48.39,43.45330327,36.77821972,48.5,2.7,-1,14.8,16.5950284,0.495132667,,,,,,,,,,,,,,,,,,,,,,,,,,,,,,
3.516352505,45.18201613,93.72837568,42.55111126,17.7506383,32,79.2493617,32,23.99019561,36.6120623,73.00980439,36.6120623,21.39089527,17.21872582,75.60910473,17.21872582,2.686170213,48.38,94.31382979,48.38,43.52044268,36.6120623,48.5,2.8,-1,15,16.22280078,0.027317474,,,,,,,,,,,,,,,,,,,,,,,,,,,,,,
3.505563415,45.16571894,93.70162357,42.5384449,17.7406383,32,79.2593617,32,23.92153937,36.44815531,73.07846063,36.44815531,21.1420164,16.62456299,75.8579836,16.62456299,2.686170213,48.37,94.31382979,48.37,43.58909892,36.44815531,48.5,2.9,-1,15.2,15.84664894,-0.427103214,,,,,,,,,,,,,,,,,,,,,,,,,,,,,,
3.494925744,45.14906666,93.67465498,42.52755922,17.7306383,32,79.2693617,32,23.85138723,36.28654868,73.14861277,36.28654868,20.88771486,16.03873898,76.11228514,16.03873898,2.686170213,48.36,94.31382979,48.36,43.65925107,36.28654868,48.5,3,-1,15.4,15.46668744,-0.867990976,,,,,,,,,,,,,,,,,,,,,,,,,,,,,,
3.484442735,45.13206437,93.64750276,42.51846749,17.7206383,32,79.2793617,32,23.77976054,36.12729165,73.22023946,36.12729165,20.62806812,15.46143224,76.37193188,15.46143224,2.686170213,48.35,94.31382979,48.35,43.73087776,36.12729165,48.5,3.1,-1,15.6,15.08303204,-1.295211514,,,,,,,,,,,,,,,,,,,,,,,,,,,,,,
3.47411758,45.11471724,93.62019999,42.51118077,17.7106383,32,79.2893617,32,23.70668113,35.97043272,73.29331887,35.97043272,20.36315527,14.89281862,76.63684473,14.89281862,2.686170213,48.34,94.31382979,48.34,43.80395717,35.97043272,48.5,3.2,-1,15.8,14.6957996,-1.708634691,,,,,,,,,,,,,,,,,,,,,,,,,,,,,,
3.463953423,45.09703055,93.59277994,42.50570795,17.7006383,32,79.2993617,32,23.63217126,35.81601968,73.36782874,35.81601968,20.093057,14.33307134,76.906943,14.33307134,2.686170213,48.33,94.31382979,48.33,43.87846703,35.81601968,48.5,3.3,-1,16,14.30510807,-2.108134575,,,,,,,,,,,,,,,,,,,,,,,,,,,,,,
3.453953362,45.0790097,93.56527601,42.5020557,17.6906383,32,79.3093617,32,23.55625363,35.66409955,73.44374637,35.66409955,19.81785559,13.78236089,77.18214441,13.78236089,2.686170213,48.32,94.31382979,48.32,43.95438467,35.66409955,48.5,3.4,-1,16.2,13.91107647,-2.493589475,,,,,,,,,,,,,,,,,,,,,,,,,,,,,,
3.444120441,45.06066017,93.53772171,42.50022846,17.6806383,32,79.3193617,32,23.47895136,35.51471863,73.52104864,35.51471863,19.53763486,13.24085502,77.46236514,13.24085502,2.686170213,48.31,94.31382979,48.31,44.03168694,35.51471863,48.5,3.5,-1,16.4,13.51382481,-2.864881977,,,,,,,,,,,,,,,,,,,,,,,,,,,,,,
3.434457658,45.04198756,93.51015063,42.50022846,17.6706383,32,79.3293617,32,23.400288,35.3679224,73.599712,35.3679224,19.25248017,12.70871869,77.74751983,12.70871869,2.686170213,48.3,94.31382979,48.3,44.1103503,35.3679224,48.5,3.6,-1,16.6,13.1134741,-3.221898982,,,,,,,,,,,,,,,,,,,,,,,,,,,,,,
3.424967954,45.02299754,93.48259633,42.5020557,17.6606383,32,79.3393617,32,23.32028751,35.22375558,73.67971249,35.22375558,18.96247839,12.18611398,78.03752161,12.18611398,2.686170213,48.29,94.31382979,48.29,44.19035079,35.22375558,48.5,3.7,-1,16.8,12.76274295,-3.520806633,,,,,,,,,,,,,,,,,,,,,,,,,,,,,,
3.41565422,45.00369591,93.45509241,42.50570795,17.6506383,32,79.3493617,32,23.23897426,35.08226209,73.76102574,35.08226209,18.66771785,11.67320009,78.33228215,11.67320009,2.686170213,48.28,94.31382979,48.28,44.27166404,35.08226209,48.5,3.8,-1,17,12.787,-3.5,,,,,,,,,,,,,,,,,,,,,,,,,,,,,,
3.406519294,44.98408854,93.42767235,42.51118077,17.6406383,32,79.3593617,32,23.15637301,34.94348504,73.84362699,34.94348504,18.36828834,11.17013326,78.63171166,11.17013326,2.686170213,48.27,94.31382979,48.27,44.35426528,34.94348504,48.5,3.9,-1,17.2,-1,-3.5,,,,,,,,,,,,,,,,,,,,,,,,,,,,,,
3.397565958,44.96418141,93.40036958,42.51846749,17.6306383,32,79.3693617,32,23.07250894,34.80746668,73.92749106,34.80746668,18.06428107,10.67706672,78.93571893,10.67706672,2.686170213,48.26,94.31382979,48.26,44.43812936,34.80746668,48.5,4,-1,17.4,,,,,,,,,,,,,,,,,,,,,,,,,,,,,,,,
3.38879694,44.94398059,93.37321736,42.52755922,17.6206383,32,79.3793617,32,22.98740758,34.67424846,74.01259242,34.67424846,17.75578864,10.19415068,79.24421136,10.19415068,2.686170213,48.25,94.31382979,48.25,44.52323072,34.67424846,48.5,4.1,-1,17.6,,,,,,,,,,,,,,,,,,,,,,,,,,,,,,,,
3.38021491,44.92349221,93.34624877,42.5384449,17.6106383,32,79.3893617,32,22.90109485,34.54387096,74.09890515,34.54387096,17.44290502,9.721532218,79.55709498,9.721532218,2.686170213,48.24,94.31382979,48.24,44.60954344,34.54387096,48.5,4.2,-1,17.8,,,,,,,,,,,,,,,,,,,,,,,,,,,,,,,,
3.371822483,44.90272253,93.31949666,42.55111126,17.6006383,32,79.3993617,32,22.81359706,34.41637388,74.18640294,34.41637388,17.12572552,9.259355313,79.87427448,9.259355313,2.686170213,48.23,94.31382979,48.23,44.69704124,34.41637388,48.5,4.3,-1,18,,,,,,,,,,,,,,,,,,,,,,,,,,,,,,,,
3.363622215,44.88167788,93.29299363,42.56554287,17.5906383,32,79.4093617,32,22.72494085,34.29179607,74.27505915,34.29179607,16.80434675,8.807760745,80.19565325,8.807760745,2.686170213,48.22,94.31382979,48.22,44.78569745,34.29179607,48.5,4.4,-1,18.2,,,,,,,,,,,,,,,,,,,,,,,,,,,,,,,,
3.355616603,44.86036465,93.26677196,42.58172214,17.5806383,32,79.4193617,32,22.63515323,34.17017547,74.36484677,34.17017547,16.47886661,8.366886073,80.52113339,8.366886073,2.686170213,48.21,94.31382979,48.21,44.87548507,34.17017547,48.5,4.5,-1,18.4,,,,,,,,,,,,,,,,,,,,,,,,,,,,,,,,
3.347808088,44.83878936,93.24086361,42.59962936,17.5706383,32,79.4293617,32,22.54426154,34.05154913,74.45573846,34.05154913,16.14938425,7.936865594,80.85061575,7.936865594,2.686170213,48.2,94.31382979,48.2,44.96637676,34.05154913,48.5,4.6,-1,18.6,,,,,,,,,,,,,,,,,,,,,,,,,,,,,,,,
3.340199046,44.81695855,93.21530015,42.61924272,17.5606383,32,79.4393617,32,22.45229348,33.93595318,74.54770652,33.93595318,15.81600002,7.517830294,81.18399998,7.517830294,2.686170213,48.19,94.31382979,48.19,45.05834482,33.93595318,48.5,4.7,-1,18.8,,,,,,,,,,,,,,,,,,,,,,,,,,,,,,,,
3.332791796,44.7948789,93.1901127,42.64053832,17.5506383,32,79.4493617,32,22.35927705,33.82342285,74.64072295,33.82342285,15.47881549,7.109907817,81.52118451,7.109907817,2.686170213,48.18,94.31382979,48.18,45.15136125,33.82342285,48.5,4.8,-1,19,,,,,,,,,,,,,,,,,,,,,,,,,,,,,,,,
3.325588595,44.77255711,93.16533197,42.66349021,17.5406383,32,79.4593617,32,22.2652406,33.71399239,74.7347594,33.71399239,15.13793335,6.713222419,81.86206665,6.713222419,2.686170213,48.17,94.31382979,48.17,45.2453977,33.71399239,48.5,4.9,-1,19.2,,,,,,,,,,,,,,,,,,,,,,,,,,,,,,,,
3.318591636,44.75,93.14098815,42.68807044,17.5306383,32,79.4693617,32,22.17021277,33.60769515,74.82978723,33.60769515,14.79345745,6.327894935,82.20654255,6.327894935,2.686170213,48.16,94.31382979,48.16,45.34042553,33.60769515,48.5,5,-1,19.4,,,,,,,,,,,,,,,,,,,,,,,,,,,,,,,,
3.31180305,44.72721443,93.11711088,42.71424905,17.5206383,32,79.4793617,32,22.07422249,33.50456351,74.92577751,33.50456351,14.44549271,5.954042739,82.55450729,5.954042739,2.686170213,48.15,94.31382979,48.15,45.4364158,33.50456351,48.5,5.1,-1,19.6,,,,,,,,,,,,,,,,,,,,,,,,,,,,,,,,
3.305224907,44.70420734,93.09372927,42.74199415,17.5106383,32,79.4893617,32,21.97729902,33.40462889,75.02270098,33.40462889,14.09414513,5.591779711,82.90585487,5.591779711,2.686170213,48.14,94.31382979,48.14,45.53333927,33.40462889,48.5,5.2,-1,19.8,,,,,,,,,,,,,,,,,,,,,,,,,,,,,,,,
3.298859208,44.68098575,93.0708718,42.77127193,17.5006383,32,79.4993617,32,21.87947188,33.30792171,75.12052812,33.30792171,13.73952174,5.241216198,83.26047826,5.241216198,2.686170213,48.13,94.31382979,48.13,45.63116642,33.30792171,48.5,5.3,-1,20,,,,,,,,,,,,,,,,,,,,,,,,,,,,,,,,
3.292707894,44.65755672,93.04856632,42.80204673,17.4906383,32,79.5093617,32,21.78077086,33.21447144,75.21922914,33.21447144,13.38173055,4.902458986,83.61826945,4.902458986,2.686170213,48.12,94.31382979,48.12,45.72986743,33.21447144,48.5,5.4,-1,20.2,,,,,,,,,,,,,,,,,,,,,,,,,,,,,,,,
3.286772838,44.63392739,93.02684001,42.83428106,17.4806383,32,79.5193617,32,21.68122604,33.12430656,75.31877396,33.12430656,13.02088055,4.575611264,83.97911945,4.575611264,2.686170213,48.11,94.31382979,48.11,45.82941226,33.12430656,48.5,5.5,-1,20.4,,,,,,,,,,,,,,,,,,,,,,,,,,,,,,,,
3.281055849,44.61010496,93.00571933,42.86793563,17.4706383,32,79.5293617,32,21.58086772,33.03745451,75.41913228,33.03745451,12.65708167,4.260772593,84.34291833,4.260772593,2.686170213,48.1,94.31382979,48.1,45.92977057,33.03745451,48.5,5.6,-1,20.6,,,,,,,,,,,,,,,,,,,,,,,,,,,,,,,,
3.275558666,44.58609669,92.98523002,42.90296945,17.4606383,32,79.5393617,32,21.47972649,32.95394176,75.52027351,32.95394176,12.29044471,3.958038875,84.70955529,3.958038875,2.686170213,48.09,94.31382979,48.09,46.03091181,32.95394176,48.5,5.7,-1,20.8,,,,,,,,,,,,,,,,,,,,,,,,,,,,,,,,
3.270282966,44.56190989,92.96539704,42.93933983,17.4506383,32,79.5493617,32,21.37783315,32.87379375,75.62216685,32.87379375,11.92108135,3.667502326,85.07891865,3.667502326,2.686170213,48.08,94.31382979,48.08,46.13280514,32.87379375,48.5,5.8,-1,21,,,,,,,,,,,,,,,,,,,,,,,,,,,,,,,,
3.265230355,44.53755192,92.94624455,42.97700246,17.4406383,32,79.5593617,32,21.27521874,32.79703488,75.72478126,32.79703488,11.54910412,3.389251447,85.45089588,3.389251447,2.686170213,48.07,94.31382979,48.07,46.23541955,32.79703488,48.5,5.9,-1,21.2,,,,,,,,,,,,,,,,,,,,,,,,,,,,,,,,
3.260402371,44.51303021,92.92779589,43.01591146,17.4306383,32,79.5693617,32,21.17191452,32.72368855,75.82808548,32.72368855,11.17462632,3.123370996,85.82537368,3.123370996,2.686170213,48.06,94.31382979,48.06,46.33872378,32.72368855,48.5,6,-1,21.4,,,,,,,,,,,,,,,,,,,,,,,,,,,,,,,,
3.255800487,44.48835223,92.91007354,43.05601941,17.4206383,32,79.5793617,32,21.06795195,32.65377709,75.93204805,32.65377709,10.79776201,2.869941961,86.20223799,2.869941961,2.686170213,48.05,94.31382979,48.05,46.44268634,32.65377709,48.5,6.1,-1,21.6,,,,,,,,,,,,,,,,,,,,,,,,,,,,,,,,
3.251426103,44.46352549,92.89309908,43.09727747,17.4106383,32,79.5893617,32,20.96336271,32.5873218,76.03663729,32.5873218,10.41862599,2.629041541,86.58137401,2.629041541,2.686170213,48.04,94.31382979,48.04,46.54727559,32.5873218,48.5,6.2,-1,21.8,,,,,,,,,,,,,,,,,,,,,,,,,,,,,,,,
3.247280552,44.43855756,92.8768932,43.13963535,17.4006383,32,79.5993617,32,20.85817864,32.52434293,76.14182136,32.52434293,10.03733376,2.400743116,86.96266624,2.400743116,2.686170213,48.03,94.31382979,48.03,46.65245965,32.52434293,48.5,6.3,-1,22,,,,,,,,,,,,,,,,,,,,,,,,,,,,,,,,
3.243365097,44.41345603,92.86147564,43.18304145,17.3906383,32,79.6093617,32,20.7524318,32.46485965,76.2475682,32.46485965,9.654001451,2.185116227,87.34599855,2.185116227,2.686170213,48.02,94.31382979,48.02,46.7582065,32.46485965,48.5,6.4,-1,22.2,,,,,,,,,,,,,,,,,,,,,,,,,,,,,,,,
3.23968093,44.38822857,92.84686519,43.22744289,17.3806383,32,79.6193617,32,20.64615439,32.40889008,76.35384561,32.40889008,9.268745839,1.982226556,87.73125416,1.982226556,2.686170213,48.01,94.31382979,48.01,46.86448391,32.40889008,48.5,6.5,-1,22.4,,,,,,,,,,,,,,,,,,,,,,,,,,,,,,,,
3.236229174,44.36288284,92.83307965,43.27278557,17.3706383,32,79.6293617,32,20.53937879,32.35645128,76.46062121,32.35645128,8.881684273,1.792135907,88.11831573,1.792135907,2.686170213,48,94.31382979,48,46.97125951,32.35645128,48.5,6.6,-1,22.6,,,,,,,,,,,,,,,,,,,,,,,,,,,,,,,,
3.23301088,44.33742658,92.8201358,43.31901425,17.3606383,32,79.6393617,32,20.43213751,32.30755922,76.56786249,32.30755922,8.492934657,1.614902182,88.50706534,1.614902182,2.686170213,47.99,94.31382979,47.99,47.07850078,32.30755922,48.5,6.7,-1,22.8,,,,,,,,,,,,,,,,,,,,,,,,,,,,,,,,
3.230027028,44.31186754,92.80804943,43.36607261,17.3506383,32,79.6493617,32,20.32446324,32.26222879,76.67553676,32.26222879,8.102615407,1.450579368,88.89738459,1.450579368,2.686170213,47.98,94.31382979,47.98,47.18617506,32.26222879,48.5,6.8,-1,23,,,,,,,,,,,,,,,,,,,,,,,,,,,,,,,,
3.227278528,44.28621349,92.79683526,43.41390331,17.3406383,32,79.6593617,32,20.21638876,32.2204738,76.78361124,32.2204738,7.317744027,1.160862744,89.68225597,1.160862744,2.686170213,47.97,94.31382979,47.97,47.29424954,32.2204738,48.5,6.9,-1,23.2,,,,,,,,,,,,,,,,,,,,,,,,,,,,,,,,
3.224766216,44.26047227,92.78650695,43.46244808,17.3306383,32,79.6693617,32,20.107947,32.18230696,76.892053,32.18230696,6.923430977,1.035557184,90.07656902,1.035557184,2.686170213,47.96,94.31382979,47.96,47.4026913,32.18230696,48.5,7,-1,23.4,,,,,,,,,,,,,,,,,,,,,,,,,,,,,,,,
3.222490859,44.2346517,92.77707708,43.51164777,17.3206383,32,79.6793617,32,19.99917098,32.14773991,77.00082902,32.14773991,6.528026379,0.92333901,90.47197362,0.92333901,2.686170213,47.95,94.31382979,47.95,47.51146732,32.14773991,48.5,7.1,-1,23.6,,,,,,,,,,,,,,,,,,,,,,,,,,,,,,,,
3.220453148,44.20875965,92.76855715,43.56144244,17.3106383,32,79.6893617,32,19.89009385,32.11678318,77.10990615,32.11678318,6.131650678,0.824242404,90.86834932,0.824242404,2.686170213,47.94,94.31382979,47.94,47.62054445,32.11678318,48.5,7.2,-1,23.8,,,,,,,,,,,,,,,,,,,,,,,,,,,,,,,,
3.218653705,44.18280402,92.76095753,43.61177143,17.3006383,32,79.6993617,32,19.78074883,32.08944618,77.21925117,32.08944618,5.734424612,0.738297551,91.26557539,0.738297551,2.686170213,47.93,94.31382979,47.93,47.72988947,32.08944618,48.5,7.3,-1,24,,,,,,,,,,,,,,,,,,,,,,,,,,,,,,,,
3.217093077,44.15679269,92.75428748,43.66257342,17.2906383,32,79.7093617,32,19.67116923,32.06573726,77.32883077,32.06573726,5.336469182,0.665530633,91.66353082,0.665530633,2.686170213,47.92,94.31382979,47.92,47.83946907,32.06573726,48.5,7.4,-1,24.2,,,,,,,,,,,,,,,,,,,,,,,,,,,,,,,,
3.215771741,44.13073361,92.74855512,43.71378651,17.2806383,32,79.7193617,32,19.56138842,32.04566362,77.43861158,32.04566362,4.937905607,0.605963814,92.06209439,0.605963814,2.686170213,47.91,94.31382979,47.91,47.94924988,32.04566362,48.5,7.5,-1,24.4,,,,,,,,,,,,,,,,,,,,,,,,,,,,,,,,
3.214690099,44.10463471,92.74376745,43.7653483,17.2706383,32,79.7293617,32,19.45143984,32.0292314,77.54856016,32.0292314,4.538855296,0.559615238,92.4611447,0.559615238,2.686170213,47.9,94.31382979,47.9,48.05919845,32.0292314,48.5,7.6,-1,24.6,,,,,,,,,,,,,,,,,,,,,,,,,,,,,,,,
3.213848479,44.07850393,92.7399303,43.81719598,17.2606383,32,79.7393617,32,19.341357,32.01644558,77.658643,32.01644558,4.139439801,0.526499025,92.8605602,0.526499025,2.686170213,47.89,94.31382979,47.89,48.1692813,32.01644558,48.5,7.7,-1,24.8,,,,,,,,,,,,,,,,,,,,,,,,,,,,,,,,
3.213247139,44.05234925,92.73704834,43.86926639,17.2506383,32,79.7493617,32,19.23117342,32.00731008,77.76882658,32.00731008,3.739780789,0.506625261,93.26021921,0.506625261,2.686170213,47.88,94.31382979,47.88,48.27946488,32.00731008,48.5,7.8,-1,25,,,,,,,,,,,,,,,,,,,,,,,,,,,,,,,,
3.212886262,44.02617861,92.73512507,43.92149607,17.2406383,32,79.7593617,32,19.12092265,32.00182766,77.87907735,32.00182766,3.34,0.5,93.66,0.5,2.686170213,38.36,94.31382979,38.36,48.38971564,32.00182766,48.5,7.9,-1,25.2,,,,,,,,,,,,,,,,,,,,,,,,,,,,,,,,
3.212765957,44,92.73416286,43.97382139,-1,32,98,32,19.0106383,32,77.9893617,32,-1,0.5,98,0.5,2.949468085,38.36,94.05053191,38.36,48.5,32,48.5,98,-1,98,,,,,,,,,,,,,,,,,,,,,,,,,,,,,,,,
3.212886262,43.97382139,,,,,,,,,,,,,,,,,,,,,,,,,,,,,,,,,,,,,,,,,,,,,,,,,,,,,,,,
3.213247139,43.94765075,,,,,,,,,,,,,,,,,,,,,,,,,,,,,,,,,,,,,,,,,,,,,,,,,,,,,,,,
3.213848479,43.92149607,,,,,,,,,,,,,,,,,,,,,,,,,,,,,,,,,,,,,,,,,,,,,,,,,,,,,,,,
3.214690099,43.89536529,,,,,,,,,,,,,,,,,,,,,,,,,,,,,,,,,,,,,,,,,,,,,,,,,,,,,,,,
3.215771741,43.86926639,,,,,,,,,,,,,,,,,,,,,,,,,,,,,,,,,,,,,,,,,,,,,,,,,,,,,,,,
3.217093077,43.84320731,,,,,,,,,,,,,,,,,,,,,,,,,,,,,,,,,,,,,,,,,,,,,,,,,,,,,,,,
3.218653705,43.81719598,,,,,,,,,,,,,,,,,,,,,,,,,,,,,,,,,,,,,,,,,,,,,,,,,,,,,,,,
3.220453148,43.79124035,,,,,,,,,,,,,,,,,,,,,,,,,,,,,,,,,,,,,,,,,,,,,,,,,,,,,,,,
3.222490859,43.7653483,,,,,,,,,,,,,,,,,,,,,,,,,,,,,,,,,,,,,,,,,,,,,,,,,,,,,,,,
3.224766216,43.73952773,,,,,,,,,,,,,,,,,,,,,,,,,,,,,,,,,,,,,,,,,,,,,,,,,,,,,,,,
3.227278528,43.71378651,,,,,,,,,,,,,,,,,,,,,,,,,,,,,,,,,,,,,,,,,,,,,,,,,,,,,,,,
3.230027028,43.68813246,,,,,,,,,,,,,,,,,,,,,,,,,,,,,,,,,,,,,,,,,,,,,,,,,,,,,,,,
3.23301088,43.66257342,,,,,,,,,,,,,,,,,,,,,,,,,,,,,,,,,,,,,,,,,,,,,,,,,,,,,,,,
3.236229174,43.63711716,,,,,,,,,,,,,,,,,,,,,,,,,,,,,,,,,,,,,,,,,,,,,,,,,,,,,,,,
3.23968093,43.61177143,,,,,,,,,,,,,,,,,,,,,,,,,,,,,,,,,,,,,,,,,,,,,,,,,,,,,,,,
3.243365097,43.58654397,,,,,,,,,,,,,,,,,,,,,,,,,,,,,,,,,,,,,,,,,,,,,,,,,,,,,,,,
3.247280552,43.56144244,,,,,,,,,,,,,,,,,,,,,,,,,,,,,,,,,,,,,,,,,,,,,,,,,,,,,,,,
3.251426103,43.53647451,,,,,,,,,,,,,,,,,,,,,,,,,,,,,,,,,,,,,,,,,,,,,,,,,,,,,,,,
3.255800487,43.51164777,,,,,,,,,,,,,,,,,,,,,,,,,,,,,,,,,,,,,,,,,,,,,,,,,,,,,,,,
3.260402371,43.48696979,,,,,,,,,,,,,,,,,,,,,,,,,,,,,,,,,,,,,,,,,,,,,,,,,,,,,,,,
3.265230355,43.46244808,,,,,,,,,,,,,,,,,,,,,,,,,,,,,,,,,,,,,,,,,,,,,,,,,,,,,,,,
3.270282966,43.43809011,,,,,,,,,,,,,,,,,,,,,,,,,,,,,,,,,,,,,,,,,,,,,,,,,,,,,,,,
3.275558666,43.41390331,,,,,,,,,,,,,,,,,,,,,,,,,,,,,,,,,,,,,,,,,,,,,,,,,,,,,,,,
3.281055849,43.38989504,,,,,,,,,,,,,,,,,,,,,,,,,,,,,,,,,,,,,,,,,,,,,,,,,,,,,,,,
3.286772838,43.36607261,,,,,,,,,,,,,,,,,,,,,,,,,,,,,,,,,,,,,,,,,,,,,,,,,,,,,,,,
3.292707894,43.34244328,,,,,,,,,,,,,,,,,,,,,,,,,,,,,,,,,,,,,,,,,,,,,,,,,,,,,,,,
3.298859208,43.31901425,,,,,,,,,,,,,,,,,,,,,,,,,,,,,,,,,,,,,,,,,,,,,,,,,,,,,,,,
3.305224907,43.29579266,,,,,,,,,,,,,,,,,,,,,,,,,,,,,,,,,,,,,,,,,,,,,,,,,,,,,,,,
3.31180305,43.27278557,,,,,,,,,,,,,,,,,,,,,,,,,,,,,,,,,,,,,,,,,,,,,,,,,,,,,,,,
3.318591636,43.25,,,,,,,,,,,,,,,,,,,,,,,,,,,,,,,,,,,,,,,,,,,,,,,,,,,,,,,,
3.325588595,43.22744289,,,,,,,,,,,,,,,,,,,,,,,,,,,,,,,,,,,,,,,,,,,,,,,,,,,,,,,,
3.332791796,43.2051211,,,,,,,,,,,,,,,,,,,,,,,,,,,,,,,,,,,,,,,,,,,,,,,,,,,,,,,,
3.340199046,43.18304145,,,,,,,,,,,,,,,,,,,,,,,,,,,,,,,,,,,,,,,,,,,,,,,,,,,,,,,,
3.347808088,43.16121064,,,,,,,,,,,,,,,,,,,,,,,,,,,,,,,,,,,,,,,,,,,,,,,,,,,,,,,,
3.355616603,43.13963535,,,,,,,,,,,,,,,,,,,,,,,,,,,,,,,,,,,,,,,,,,,,,,,,,,,,,,,,
3.363622215,43.11832212,,,,,,,,,,,,,,,,,,,,,,,,,,,,,,,,,,,,,,,,,,,,,,,,,,,,,,,,
3.371822483,43.09727747,,,,,,,,,,,,,,,,,,,,,,,,,,,,,,,,,,,,,,,,,,,,,,,,,,,,,,,,
3.38021491,43.07650779,,,,,,,,,,,,,,,,,,,,,,,,,,,,,,,,,,,,,,,,,,,,,,,,,,,,,,,,
3.38879694,43.05601941,,,,,,,,,,,,,,,,,,,,,,,,,,,,,,,,,,,,,,,,,,,,,,,,,,,,,,,,
3.397565958,43.03581859,,,,,,,,,,,,,,,,,,,,,,,,,,,,,,,,,,,,,,,,,,,,,,,,,,,,,,,,
3.406519294,43.01591146,,,,,,,,,,,,,,,,,,,,,,,,,,,,,,,,,,,,,,,,,,,,,,,,,,,,,,,,
3.41565422,42.99630409,,,,,,,,,,,,,,,,,,,,,,,,,,,,,,,,,,,,,,,,,,,,,,,,,,,,,,,,
3.424967954,42.97700246,,,,,,,,,,,,,,,,,,,,,,,,,,,,,,,,,,,,,,,,,,,,,,,,,,,,,,,,
3.434457658,42.95801244,,,,,,,,,,,,,,,,,,,,,,,,,,,,,,,,,,,,,,,,,,,,,,,,,,,,,,,,
3.444120441,42.93933983,,,,,,,,,,,,,,,,,,,,,,,,,,,,,,,,,,,,,,,,,,,,,,,,,,,,,,,,
3.453953362,42.9209903,,,,,,,,,,,,,,,,,,,,,,,,,,,,,,,,,,,,,,,,,,,,,,,,,,,,,,,,
3.463953423,42.90296945,,,,,,,,,,,,,,,,,,,,,,,,,,,,,,,,,,,,,,,,,,,,,,,,,,,,,,,,
3.47411758,42.88528276,,,,,,,,,,,,,,,,,,,,,,,,,,,,,,,,,,,,,,,,,,,,,,,,,,,,,,,,
3.484442735,42.86793563,,,,,,,,,,,,,,,,,,,,,,,,,,,,,,,,,,,,,,,,,,,,,,,,,,,,,,,,
3.494925744,42.85093334,,,,,,,,,,,,,,,,,,,,,,,,,,,,,,,,,,,,,,,,,,,,,,,,,,,,,,,,
3.505563415,42.83428106,,,,,,,,,,,,,,,,,,,,,,,,,,,,,,,,,,,,,,,,,,,,,,,,,,,,,,,,
3.516352505,42.81798387,,,,,,,,,,,,,,,,,,,,,,,,,,,,,,,,,,,,,,,,,,,,,,,,,,,,,,,,
3.527289729,42.80204673,,,,,,,,,,,,,,,,,,,,,,,,,,,,,,,,,,,,,,,,,,,,,,,,,,,,,,,,
3.538371756,42.78647451,,,,,,,,,,,,,,,,,,,,,,,,,,,,,,,,,,,,,,,,,,,,,,,,,,,,,,,,
3.549595209,42.77127193,,,,,,,,,,,,,,,,,,,,,,,,,,,,,,,,,,,,,,,,,,,,,,,,,,,,,,,,
3.560956669,42.75644364,,,,,,,,,,,,,,,,,,,,,,,,,,,,,,,,,,,,,,,,,,,,,,,,,,,,,,,,
3.572452677,42.74199415,,,,,,,,,,,,,,,,,,,,,,,,,,,,,,,,,,,,,,,,,,,,,,,,,,,,,,,,
3.58407973,42.72792786,,,,,,,,,,,,,,,,,,,,,,,,,,,,,,,,,,,,,,,,,,,,,,,,,,,,,,,,
3.595834287,42.71424905,,,,,,,,,,,,,,,,,,,,,,,,,,,,,,,,,,,,,,,,,,,,,,,,,,,,,,,,
3.607712766,42.70096189,,,,,,,,,,,,,,,,,,,,,,,,,,,,,,,,,,,,,,,,,,,,,,,,,,,,,,,,
3.61971155,42.68807044,,,,,,,,,,,,,,,,,,,,,,,,,,,,,,,,,,,,,,,,,,,,,,,,,,,,,,,,
3.631826984,42.67557861,,,,,,,,,,,,,,,,,,,,,,,,,,,,,,,,,,,,,,,,,,,,,,,,,,,,,,,,
3.644055377,42.66349021,,,,,,,,,,,,,,,,,,,,,,,,,,,,,,,,,,,,,,,,,,,,,,,,,,,,,,,,
3.656393004,42.65180893,,,,,,,,,,,,,,,,,,,,,,,,,,,,,,,,,,,,,,,,,,,,,,,,,,,,,,,,
3.668836107,42.64053832,,,,,,,,,,,,,,,,,,,,,,,,,,,,,,,,,,,,,,,,,,,,,,,,,,,,,,,,
3.681380896,42.62968181,,,,,,,,,,,,,,,,,,,,,,,,,,,,,,,,,,,,,,,,,,,,,,,,,,,,,,,,
3.69402355,42.61924272,,,,,,,,,,,,,,,,,,,,,,,,,,,,,,,,,,,,,,,,,,,,,,,,,,,,,,,,
3.706760217,42.60922422,,,,,,,,,,,,,,,,,,,,,,,,,,,,,,,,,,,,,,,,,,,,,,,,,,,,,,,,
3.719587019,42.59962936,,,,,,,,,,,,,,,,,,,,,,,,,,,,,,,,,,,,,,,,,,,,,,,,,,,,,,,,
3.732500046,42.59046107,,,,,,,,,,,,,,,,,,,,,,,,,,,,,,,,,,,,,,,,,,,,,,,,,,,,,,,,
3.745495367,42.58172214,,,,,,,,,,,,,,,,,,,,,,,,,,,,,,,,,,,,,,,,,,,,,,,,,,,,,,,,
3.758569023,42.57341523,,,,,,,,,,,,,,,,,,,,,,,,,,,,,,,,,,,,,,,,,,,,,,,,,,,,,,,,
3.771717031,42.56554287,,,,,,,,,,,,,,,,,,,,,,,,,,,,,,,,,,,,,,,,,,,,,,,,,,,,,,,,
3.784935386,42.55810746,,,,,,,,,,,,,,,,,,,,,,,,,,,,,,,,,,,,,,,,,,,,,,,,,,,,,,,,
3.798220063,42.55111126,,,,,,,,,,,,,,,,,,,,,,,,,,,,,,,,,,,,,,,,,,,,,,,,,,,,,,,,
3.811567013,42.54455641,,,,,,,,,,,,,,,,,,,,,,,,,,,,,,,,,,,,,,,,,,,,,,,,,,,,,,,,
3.824972172,42.5384449,,,,,,,,,,,,,,,,,,,,,,,,,,,,,,,,,,,,,,,,,,,,,,,,,,,,,,,,
3.838431457,42.5327786,,,,,,,,,,,,,,,,,,,,,,,,,,,,,,,,,,,,,,,,,,,,,,,,,,,,,,,,
3.851940767,42.52755922,,,,,,,,,,,,,,,,,,,,,,,,,,,,,,,,,,,,,,,,,,,,,,,,,,,,,,,,
3.865495987,42.52278837,,,,,,,,,,,,,,,,,,,,,,,,,,,,,,,,,,,,,,,,,,,,,,,,,,,,,,,,
3.879092989,42.51846749,,,,,,,,,,,,,,,,,,,,,,,,,,,,,,,,,,,,,,,,,,,,,,,,,,,,,,,,
3.89272763,42.5145979,,,,,,,,,,,,,,,,,,,,,,,,,,,,,,,,,,,,,,,,,,,,,,,,,,,,,,,,
3.906395758,42.51118077,,,,,,,,,,,,,,,,,,,,,,,,,,,,,,,,,,,,,,,,,,,,,,,,,,,,,,,,
3.920093209,42.50821716,,,,,,,,,,,,,,,,,,,,,,,,,,,,,,,,,,,,,,,,,,,,,,,,,,,,,,,,
3.93381581,42.50570795,,,,,,,,,,,,,,,,,,,,,,,,,,,,,,,,,,,,,,,,,,,,,,,,,,,,,,,,
3.947559381,42.50365392,,,,,,,,,,,,,,,,,,,,,,,,,,,,,,,,,,,,,,,,,,,,,,,,,,,,,,,,
3.961319737,42.5020557,,,,,,,,,,,,,,,,,,,,,,,,,,,,,,,,,,,,,,,,,,,,,,,,,,,,,,,,
3.975092685,42.50091376,,,,,,,,,,,,,,,,,,,,,,,,,,,,,,,,,,,,,,,,,,,,,,,,,,,,,,,,
3.98887403,42.50022846,,,,,,,,,,,,,,,,,,,,,,,,,,,,,,,,,,,,,,,,,,,,,,,,,,,,,,,,
4.002659574,42.5,,,,,,,,,,,,,,,,,,,,,,,,,,,,,,,,,,,,,,,,,,,,,,,,,,,,,,,,
4.016445119,42.50022846,,,,,,,,,,,,,,,,,,,,,,,,,,,,,,,,,,,,,,,,,,,,,,,,,,,,,,,,
4.030226464,42.50091376,,,,,,,,,,,,,,,,,,,,,,,,,,,,,,,,,,,,,,,,,,,,,,,,,,,,,,,,
4.043999412,42.5020557,,,,,,,,,,,,,,,,,,,,,,,,,,,,,,,,,,,,,,,,,,,,,,,,,,,,,,,,
4.057759768,42.50365392,,,,,,,,,,,,,,,,,,,,,,,,,,,,,,,,,,,,,,,,,,,,,,,,,,,,,,,,
4.071503339,42.50570795,,,,,,,,,,,,,,,,,,,,,,,,,,,,,,,,,,,,,,,,,,,,,,,,,,,,,,,,
4.08522594,42.50821716,,,,,,,,,,,,,,,,,,,,,,,,,,,,,,,,,,,,,,,,,,,,,,,,,,,,,,,,
4.098923391,42.51118077,,,,,,,,,,,,,,,,,,,,,,,,,,,,,,,,,,,,,,,,,,,,,,,,,,,,,,,,
4.112591519,42.5145979,,,,,,,,,,,,,,,,,,,,,,,,,,,,,,,,,,,,,,,,,,,,,,,,,,,,,,,,
4.12622616,42.51846749,,,,,,,,,,,,,,,,,,,,,,,,,,,,,,,,,,,,,,,,,,,,,,,,,,,,,,,,
4.139823162,42.52278837,,,,,,,,,,,,,,,,,,,,,,,,,,,,,,,,,,,,,,,,,,,,,,,,,,,,,,,,
4.153378382,42.52755922,,,,,,,,,,,,,,,,,,,,,,,,,,,,,,,,,,,,,,,,,,,,,,,,,,,,,,,,
4.166887692,42.5327786,,,,,,,,,,,,,,,,,,,,,,,,,,,,,,,,,,,,,,,,,,,,,,,,,,,,,,,,
4.180346976,42.5384449,,,,,,,,,,,,,,,,,,,,,,,,,,,,,,,,,,,,,,,,,,,,,,,,,,,,,,,,
4.193752136,42.54455641,,,,,,,,,,,,,,,,,,,,,,,,,,,,,,,,,,,,,,,,,,,,,,,,,,,,,,,,
4.207099086,42.55111126,,,,,,,,,,,,,,,,,,,,,,,,,,,,,,,,,,,,,,,,,,,,,,,,,,,,,,,,
4.220383762,42.55810746,,,,,,,,,,,,,,,,,,,,,,,,,,,,,,,,,,,,,,,,,,,,,,,,,,,,,,,,
4.233602118,42.56554287,,,,,,,,,,,,,,,,,,,,,,,,,,,,,,,,,,,,,,,,,,,,,,,,,,,,,,,,
4.246750126,42.57341523,,,,,,,,,,,,,,,,,,,,,,,,,,,,,,,,,,,,,,,,,,,,,,,,,,,,,,,,
4.259823782,42.58172214,,,,,,,,,,,,,,,,,,,,,,,,,,,,,,,,,,,,,,,,,,,,,,,,,,,,,,,,
4.272819103,42.59046107,,,,,,,,,,,,,,,,,,,,,,,,,,,,,,,,,,,,,,,,,,,,,,,,,,,,,,,,
4.28573213,42.59962936,,,,,,,,,,,,,,,,,,,,,,,,,,,,,,,,,,,,,,,,,,,,,,,,,,,,,,,,
4.298558932,42.60922422,,,,,,,,,,,,,,,,,,,,,,,,,,,,,,,,,,,,,,,,,,,,,,,,,,,,,,,,
4.311295599,42.61924272,,,,,,,,,,,,,,,,,,,,,,,,,,,,,,,,,,,,,,,,,,,,,,,,,,,,,,,,
4.323938253,42.62968181,,,,,,,,,,,,,,,,,,,,,,,,,,,,,,,,,,,,,,,,,,,,,,,,,,,,,,,,
4.336483042,42.64053832,,,,,,,,,,,,,,,,,,,,,,,,,,,,,,,,,,,,,,,,,,,,,,,,,,,,,,,,
4.348926145,42.65180893,,,,,,,,,,,,,,,,,,,,,,,,,,,,,,,,,,,,,,,,,,,,,,,,,,,,,,,,
4.361263772,42.66349021,,,,,,,,,,,,,,,,,,,,,,,,,,,,,,,,,,,,,,,,,,,,,,,,,,,,,,,,
4.373492165,42.67557861,,,,,,,,,,,,,,,,,,,,,,,,,,,,,,,,,,,,,,,,,,,,,,,,,,,,,,,,
4.385607599,42.68807044,,,,,,,,,,,,,,,,,,,,,,,,,,,,,,,,,,,,,,,,,,,,,,,,,,,,,,,,
4.397606383,42.70096189,,,,,,,,,,,,,,,,,,,,,,,,,,,,,,,,,,,,,,,,,,,,,,,,,,,,,,,,
4.409484862,42.71424905,,,,,,,,,,,,,,,,,,,,,,,,,,,,,,,,,,,,,,,,,,,,,,,,,,,,,,,,
4.421239419,42.72792786,,,,,,,,,,,,,,,,,,,,,,,,,,,,,,,,,,,,,,,,,,,,,,,,,,,,,,,,
4.432866472,42.74199415,,,,,,,,,,,,,,,,,,,,,,,,,,,,,,,,,,,,,,,,,,,,,,,,,,,,,,,,
4.44436248,42.75644364,,,,,,,,,,,,,,,,,,,,,,,,,,,,,,,,,,,,,,,,,,,,,,,,,,,,,,,,
4.45572394,42.77127193,,,,,,,,,,,,,,,,,,,,,,,,,,,,,,,,,,,,,,,,,,,,,,,,,,,,,,,,
4.466947393,42.78647451,,,,,,,,,,,,,,,,,,,,,,,,,,,,,,,,,,,,,,,,,,,,,,,,,,,,,,,,
4.47802942,42.80204673,,,,,,,,,,,,,,,,,,,,,,,,,,,,,,,,,,,,,,,,,,,,,,,,,,,,,,,,
4.488966644,42.81798387,,,,,,,,,,,,,,,,,,,,,,,,,,,,,,,,,,,,,,,,,,,,,,,,,,,,,,,,
4.499755734,42.83428106,,,,,,,,,,,,,,,,,,,,,,,,,,,,,,,,,,,,,,,,,,,,,,,,,,,,,,,,
4.510393404,42.85093334,,,,,,,,,,,,,,,,,,,,,,,,,,,,,,,,,,,,,,,,,,,,,,,,,,,,,,,,
4.520876414,42.86793563,,,,,,,,,,,,,,,,,,,,,,,,,,,,,,,,,,,,,,,,,,,,,,,,,,,,,,,,
4.531201569,42.88528276,,,,,,,,,,,,,,,,,,,,,,,,,,,,,,,,,,,,,,,,,,,,,,,,,,,,,,,,
4.541365726,42.90296945,,,,,,,,,,,,,,,,,,,,,,,,,,,,,,,,,,,,,,,,,,,,,,,,,,,,,,,,
4.551365787,42.9209903,,,,,,,,,,,,,,,,,,,,,,,,,,,,,,,,,,,,,,,,,,,,,,,,,,,,,,,,
4.561198707,42.93933983,,,,,,,,,,,,,,,,,,,,,,,,,,,,,,,,,,,,,,,,,,,,,,,,,,,,,,,,
4.570861491,42.95801244,,,,,,,,,,,,,,,,,,,,,,,,,,,,,,,,,,,,,,,,,,,,,,,,,,,,,,,,
4.580351195,42.97700246,,,,,,,,,,,,,,,,,,,,,,,,,,,,,,,,,,,,,,,,,,,,,,,,,,,,,,,,
4.589664929,42.99630409,,,,,,,,,,,,,,,,,,,,,,,,,,,,,,,,,,,,,,,,,,,,,,,,,,,,,,,,
4.598799855,43.01591146,,,,,,,,,,,,,,,,,,,,,,,,,,,,,,,,,,,,,,,,,,,,,,,,,,,,,,,,
4.60775319,43.03581859,,,,,,,,,,,,,,,,,,,,,,,,,,,,,,,,,,,,,,,,,,,,,,,,,,,,,,,,
4.616522209,43.05601941,,,,,,,,,,,,,,,,,,,,,,,,,,,,,,,,,,,,,,,,,,,,,,,,,,,,,,,,
4.625104239,43.07650779,,,,,,,,,,,,,,,,,,,,,,,,,,,,,,,,,,,,,,,,,,,,,,,,,,,,,,,,
4.633496666,43.09727747,,,,,,,,,,,,,,,,,,,,,,,,,,,,,,,,,,,,,,,,,,,,,,,,,,,,,,,,
4.641696934,43.11832212,,,,,,,,,,,,,,,,,,,,,,,,,,,,,,,,,,,,,,,,,,,,,,,,,,,,,,,,
4.649702546,43.13963535,,,,,,,,,,,,,,,,,,,,,,,,,,,,,,,,,,,,,,,,,,,,,,,,,,,,,,,,
4.657511061,43.16121064,,,,,,,,,,,,,,,,,,,,,,,,,,,,,,,,,,,,,,,,,,,,,,,,,,,,,,,,
4.665120103,43.18304145,,,,,,,,,,,,,,,,,,,,,,,,,,,,,,,,,,,,,,,,,,,,,,,,,,,,,,,,
4.672527353,43.2051211,,,,,,,,,,,,,,,,,,,,,,,,,,,,,,,,,,,,,,,,,,,,,,,,,,,,,,,,
4.679730554,43.22744289,,,,,,,,,,,,,,,,,,,,,,,,,,,,,,,,,,,,,,,,,,,,,,,,,,,,,,,,
4.686727513,43.25,,,,,,,,,,,,,,,,,,,,,,,,,,,,,,,,,,,,,,,,,,,,,,,,,,,,,,,,
4.693516098,43.27278557,,,,,,,,,,,,,,,,,,,,,,,,,,,,,,,,,,,,,,,,,,,,,,,,,,,,,,,,
4.700094242,43.29579266,,,,,,,,,,,,,,,,,,,,,,,,,,,,,,,,,,,,,,,,,,,,,,,,,,,,,,,,
4.706459941,43.31901425,,,,,,,,,,,,,,,,,,,,,,,,,,,,,,,,,,,,,,,,,,,,,,,,,,,,,,,,
4.712611255,43.34244328,,,,,,,,,,,,,,,,,,,,,,,,,,,,,,,,,,,,,,,,,,,,,,,,,,,,,,,,
4.718546311,43.36607261,,,,,,,,,,,,,,,,,,,,,,,,,,,,,,,,,,,,,,,,,,,,,,,,,,,,,,,,
4.7242633,43.38989504,,,,,,,,,,,,,,,,,,,,,,,,,,,,,,,,,,,,,,,,,,,,,,,,,,,,,,,,
4.729760483,43.41390331,,,,,,,,,,,,,,,,,,,,,,,,,,,,,,,,,,,,,,,,,,,,,,,,,,,,,,,,
4.735036183,43.43809011,,,,,,,,,,,,,,,,,,,,,,,,,,,,,,,,,,,,,,,,,,,,,,,,,,,,,,,,
4.740088794,43.46244808,,,,,,,,,,,,,,,,,,,,,,,,,,,,,,,,,,,,,,,,,,,,,,,,,,,,,,,,
4.744916778,43.48696979,,,,,,,,,,,,,,,,,,,,,,,,,,,,,,,,,,,,,,,,,,,,,,,,,,,,,,,,
4.749518662,43.51164777,,,,,,,,,,,,,,,,,,,,,,,,,,,,,,,,,,,,,,,,,,,,,,,,,,,,,,,,
4.753893046,43.53647451,,,,,,,,,,,,,,,,,,,,,,,,,,,,,,,,,,,,,,,,,,,,,,,,,,,,,,,,
4.758038597,43.56144244,,,,,,,,,,,,,,,,,,,,,,,,,,,,,,,,,,,,,,,,,,,,,,,,,,,,,,,,
4.761954052,43.58654397,,,,,,,,,,,,,,,,,,,,,,,,,,,,,,,,,,,,,,,,,,,,,,,,,,,,,,,,
4.765638219,43.61177143,,,,,,,,,,,,,,,,,,,,,,,,,,,,,,,,,,,,,,,,,,,,,,,,,,,,,,,,
4.769089975,43.63711716,,,,,,,,,,,,,,,,,,,,,,,,,,,,,,,,,,,,,,,,,,,,,,,,,,,,,,,,
4.772308269,43.66257342,,,,,,,,,,,,,,,,,,,,,,,,,,,,,,,,,,,,,,,,,,,,,,,,,,,,,,,,
4.775292121,43.68813246,,,,,,,,,,,,,,,,,,,,,,,,,,,,,,,,,,,,,,,,,,,,,,,,,,,,,,,,
4.778040621,43.71378651,,,,,,,,,,,,,,,,,,,,,,,,,,,,,,,,,,,,,,,,,,,,,,,,,,,,,,,,
4.780552933,43.73952773,,,,,,,,,,,,,,,,,,,,,,,,,,,,,,,,,,,,,,,,,,,,,,,,,,,,,,,,
4.78282829,43.7653483,,,,,,,,,,,,,,,,,,,,,,,,,,,,,,,,,,,,,,,,,,,,,,,,,,,,,,,,
4.784866001,43.79124035,,,,,,,,,,,,,,,,,,,,,,,,,,,,,,,,,,,,,,,,,,,,,,,,,,,,,,,,
4.786665444,43.81719598,,,,,,,,,,,,,,,,,,,,,,,,,,,,,,,,,,,,,,,,,,,,,,,,,,,,,,,,
4.788226072,43.84320731,,,,,,,,,,,,,,,,,,,,,,,,,,,,,,,,,,,,,,,,,,,,,,,,,,,,,,,,
4.789547408,43.86926639,,,,,,,,,,,,,,,,,,,,,,,,,,,,,,,,,,,,,,,,,,,,,,,,,,,,,,,,
4.79062905,43.89536529,,,,,,,,,,,,,,,,,,,,,,,,,,,,,,,,,,,,,,,,,,,,,,,,,,,,,,,,
4.79147067,43.92149607,,,,,,,,,,,,,,,,,,,,,,,,,,,,,,,,,,,,,,,,,,,,,,,,,,,,,,,,
4.79207201,43.94765075,,,,,,,,,,,,,,,,,,,,,,,,,,,,,,,,,,,,,,,,,,,,,,,,,,,,,,,,
4.792432887,43.97382139,,,,,,,,,,,,,,,,,,,,,,,,,,,,,,,,,,,,,,,,,,,,,,,,,,,,,,,,
4.792553191,44,,,,,,,,,,,,,,,,,,,,,,,,,,,,,,,,,,,,,,,,,,,,,,,,,,,,,,,,
